TABLE_SCHEMA,TABLE_NAME,COLUMN_NAME,ORDINAL_POSITION,COLUMN_DEFAULT,IS_NULLABLE,DATA_TYPE,CHARACTER_MAXIMUM_LENGTH,NUMERIC_PRECISION,NUMERIC_SCALE
INFORMATION_SCHEMA,APPLICABLE_ROLES,GRANTEE,1,,NO,TEXT,16777216.0,,
INFORMATION_SCHEMA,APPLICABLE_ROLES,ROLE_NAME,2,,NO,TEXT,16777216.0,,
INFORMATION_SCHEMA,APPLICABLE_ROLES,ROLE_OWNER,3,,NO,TEXT,16777216.0,,
INFORMATION_SCHEMA,APPLICABLE_ROLES,IS_GRANTABLE,4,,YES,TEXT,3.0,,
SELF_STORAGE,ASSET_LEVEL_ACTUAL_FINANCIALS,NAME,1,,YES,TEXT,16777216.0,,
SELF_STORAGE,ASSET_LEVEL_ACTUAL_FINANCIALS,SITE_UID,2,,YES,NUMBER,,38.0,0.0
SELF_STORAGE,ASSET_LEVEL_ACTUAL_FINANCIALS,DP_DEALID,3,,YES,NUMBER,,38.0,0.0
SELF_STORAGE,ASSET_LEVEL_ACTUAL_FINANCIALS,DATE,4,,YES,DATE,,,
SELF_STORAGE,ASSET_LEVEL_ACTUAL_FINANCIALS,ECON_OCCUPANCY,5,,YES,FLOAT,,,
SELF_STORAGE,ASSET_LEVEL_ACTUAL_FINANCIALS,OCCUPIED,6,,YES,FLOAT,,,
SELF_STORAGE,ASSET_LEVEL_ACTUAL_FINANCIALS,SQFT_OCCUPIED,7,,YES,FLOAT,,,
SELF_STORAGE,ASSET_LEVEL_ACTUAL_FINANCIALS,STORAGE,8,,YES,TEXT,16777216.0,,
SELF_STORAGE,ASSET_LEVEL_ACTUAL_FINANCIALS,DISCOUNTS,9,,YES,FLOAT,,,
SELF_STORAGE,ASSET_LEVEL_ACTUAL_FINANCIALS,EXPECTED_INCOME,10,,YES,FLOAT,,,
SELF_STORAGE,ASSET_LEVEL_ACTUAL_FINANCIALS,GROSS_POTENTIAL,11,,YES,FLOAT,,,
SELF_STORAGE,ASSET_LEVEL_ACTUAL_FINANCIALS,MTM_CHG_IN_WEB_RATES,12,,YES,FLOAT,,,
SELF_STORAGE,ASSET_LEVEL_ACTUAL_FINANCIALS,MONTHLY_ABSORPTION,13,,YES,FLOAT,,,
SELF_STORAGE,ASSET_LEVEL_ACTUAL_FINANCIALS,NRSF,14,,YES,FLOAT,,,
SELF_STORAGE,ASSET_LEVEL_ACTUAL_FINANCIALS,POTENTIAL,15,,YES,FLOAT,,,
SELF_STORAGE,ASSET_LEVEL_ACTUAL_FINANCIALS,REAL_GPI_BASED_ON_WEB_RATES,16,,YES,FLOAT,,,
SELF_STORAGE,ASSET_LEVEL_ACTUAL_FINANCIALS,REAL_GPI_PSF,17,,YES,FLOAT,,,
SELF_STORAGE,ASSET_LEVEL_ACTUAL_FINANCIALS,RENT,18,,YES,FLOAT,,,
SELF_STORAGE,ASSET_LEVEL_ACTUAL_FINANCIALS,RENT_PSF,19,,YES,FLOAT,,,
SELF_STORAGE,ASSET_LEVEL_ACTUAL_FINANCIALS,SQFT_RENTED,20,,YES,FLOAT,,,
SELF_STORAGE,ASSET_LEVEL_ACTUAL_FINANCIALS,WEB_RATE_DISC_TO_GPI,21,,YES,FLOAT,,,
SELF_STORAGE,ASSET_LEVEL_ACTUAL_FINANCIALS,BEGIN,22,,YES,NUMBER,,38.0,0.0
SELF_STORAGE,ASSET_LEVEL_ACTUAL_FINANCIALS,END,23,,YES,NUMBER,,38.0,0.0
SELF_STORAGE,ASSET_LEVEL_ACTUAL_FINANCIALS,MOVE_INS,24,,YES,NUMBER,,38.0,0.0
SELF_STORAGE,ASSET_LEVEL_ACTUAL_FINANCIALS,MOVE_OUT,25,,YES,NUMBER,,38.0,0.0
SELF_STORAGE,ASSET_LEVEL_ACTUAL_FINANCIALS,NET_MOVE_INS,26,,YES,NUMBER,,38.0,0.0
YELP,BUSINESS,BUSINESS_ID,1,,YES,TEXT,16777216.0,,
YELP,BUSINESS,NAME,2,,YES,TEXT,16777216.0,,
YELP,BUSINESS,CATEGORIES,3,,YES,TEXT,16777216.0,,
YELP,BUSINESS,ADDRESS,4,,YES,TEXT,16777216.0,,
YELP,BUSINESS,CITY,5,,YES,TEXT,16777216.0,,
YELP,BUSINESS,STATE,6,,YES,TEXT,16777216.0,,
YELP,BUSINESS,POSTAL_CODE,7,,YES,TEXT,16777216.0,,
YELP,BUSINESS,LATITUDE,8,,YES,FLOAT,,,
YELP,BUSINESS,LONGITUDE,9,,YES,FLOAT,,,
YELP,BUSINESS,IS_OPEN,10,,YES,NUMBER,,38.0,0.0
YELP,BUSINESS,REVIEW_COUNT,11,,YES,NUMBER,,38.0,0.0
YELP,BUSINESS,STARS,12,,YES,FLOAT,,,
YELP,BUSINESS,HOURS_MONDAY,13,,YES,TEXT,16777216.0,,
YELP,BUSINESS,HOURS_TUESDAY,14,,YES,TEXT,16777216.0,,
YELP,BUSINESS,HOURS_WEDNESDAY,15,,YES,TEXT,16777216.0,,
YELP,BUSINESS,HOURS_THURSDAY,16,,YES,TEXT,16777216.0,,
YELP,BUSINESS,HOURS_FRIDAY,17,,YES,TEXT,16777216.0,,
YELP,BUSINESS,HOURS_SATURDAY,18,,YES,TEXT,16777216.0,,
YELP,BUSINESS,HOURS_SUNDAY,19,,YES,TEXT,16777216.0,,
YELP,BUSINESS,BYAPPOINTMENTONLY,20,,YES,TEXT,16777216.0,,
YELP,BUSINESS,BUSINESSACCEPTSCREDITCARDS,21,,YES,TEXT,16777216.0,,
YELP,BUSINESS,BIKEPARKING,22,,YES,TEXT,16777216.0,,
YELP,BUSINESS,BUSINESSPARKING,23,,YES,TEXT,16777216.0,,
YELP,BUSINESS,CATERS,24,,YES,TEXT,16777216.0,,
YELP,BUSINESS,COATCHECK,25,,YES,TEXT,16777216.0,,
YELP,BUSINESS,DOGSALLOWED,26,,YES,TEXT,16777216.0,,
YELP,BUSINESS,HAPPYHOUR,27,,YES,TEXT,16777216.0,,
YELP,BUSINESS,HASTV,28,,YES,TEXT,16777216.0,,
YELP,BUSINESS,OUTDOORSEATING,29,,YES,TEXT,16777216.0,,
YELP,BUSINESS,RESTAURANTSDELIVERY,30,,YES,TEXT,16777216.0,,
YELP,BUSINESS,RESTAURANTSRESERVATIONS,31,,YES,TEXT,16777216.0,,
YELP,BUSINESS,RESTAURANTSTAKEOUT,32,,YES,TEXT,16777216.0,,
YELP,BUSINESS,WIFI,33,,YES,TEXT,16777216.0,,
YELP,BUSINESS,ALCOHOL,34,,YES,TEXT,16777216.0,,
YELP,BUSINESS,GOODFORKIDS,35,,YES,TEXT,16777216.0,,
YELP,BUSINESS,AMBIENCE,36,,YES,TEXT,16777216.0,,
YELP,BUSINESS,DRIVETHRU,37,,YES,TEXT,16777216.0,,
YELP,BUSINESS,RESTAURANTSTABLESERVICE,38,,YES,TEXT,16777216.0,,
YELP,BUSINESS,GOODFORMEAL,39,,YES,TEXT,16777216.0,,
YELP,BUSINESS,GOODFORDANCING,40,,YES,TEXT,16777216.0,,
YELP,BUSINESS,ACCEPTSINSURANCE,41,,YES,TEXT,16777216.0,,
YELP,BUSINESS,BYOBCORKAGE,42,,YES,TEXT,16777216.0,,
YELP,BUSINESS,RESTAURANTSPRICERANGE2,43,,YES,TEXT,16777216.0,,
YELP,BUSINESS,RESTAURANTSATTIRE,44,,YES,TEXT,16777216.0,,
YELP,BUSINESS,HAIRSPECIALIZESIN,45,,YES,TEXT,16777216.0,,
YELP,BUSINESS,RESTAURANTSCOUNTERSERVICE,46,,YES,TEXT,16777216.0,,
YELP,BUSINESS,DIETARYRESTRICTIONS,47,,YES,TEXT,16777216.0,,
YELP,BUSINESS,WHEELCHAIRACCESSIBLE,48,,YES,TEXT,16777216.0,,
YELP,BUSINESS,RESTAURANTSGOODFORGROUPS,49,,YES,TEXT,16777216.0,,
YELP,BUSINESS,NOISELEVEL,50,,YES,TEXT,16777216.0,,
YELP,BUSINESS,MUSIC,51,,YES,TEXT,16777216.0,,
YELP,BUSINESS,BYOB,52,,YES,TEXT,16777216.0,,
YELP,BUSINESS,CORKAGE,53,,YES,TEXT,16777216.0,,
YELP,BUSINESS,BUSINESSACCEPTSBITCOIN,54,,YES,TEXT,16777216.0,,
YELP,BUSINESS,BESTNIGHTS,55,,YES,TEXT,16777216.0,,
YELP,BUSINESS,OPEN24HOURS,56,,YES,TEXT,16777216.0,,
YELP,BUSINESS,AGESALLOWED,57,,YES,TEXT,16777216.0,,
YELP,BUSINESS,SMOKING,58,,YES,TEXT,16777216.0,,
INDUSTRIAL,CIPHER,UBID,1,,YES,TEXT,16777216.0,,
INDUSTRIAL,CIPHER,PROPERTYADDRESS,2,,YES,TEXT,16777216.0,,
INDUSTRIAL,CIPHER,CITY,3,,YES,TEXT,16777216.0,,
INDUSTRIAL,CIPHER,STATE,4,,YES,TEXT,16777216.0,,
INDUSTRIAL,CIPHER,ZIP,5,,YES,TEXT,16777216.0,,
INDUSTRIAL,CIPHER,LATITUDE,6,,YES,NUMBER,,38.0,8.0
INDUSTRIAL,CIPHER,LONGITUDE,7,,YES,NUMBER,,38.0,7.0
INDUSTRIAL,CIPHER,RBA,8,,YES,NUMBER,,38.0,0.0
INDUSTRIAL,CIPHER,YEARBUILT,9,,YES,NUMBER,,38.0,0.0
INDUSTRIAL,CIPHER,CIPHER,10,,YES,TEXT,16777216.0,,
INDUSTRIAL,CIPHER,DATEOBSERVED,11,,YES,NUMBER,,38.0,0.0
INDUSTRIAL,CIPHER,BOUNDINGBOX_XMIN,12,,YES,NUMBER,,38.0,7.0
INDUSTRIAL,CIPHER,BOUNDINGBOX_XMAX,13,,YES,NUMBER,,38.0,7.0
INDUSTRIAL,CIPHER,BOUNDINGBOX_YMIN,14,,YES,NUMBER,,38.0,8.0
INDUSTRIAL,CIPHER,BOUNDINGBOX_YMAX,15,,YES,NUMBER,,38.0,8.0
INDUSTRIAL,CIPHER,FILEREFERENCE,16,,YES,TEXT,16777216.0,,
INDUSTRIAL,CIPHER,CONSTRUCTIONPROGRESSFILE,17,,YES,TEXT,16777216.0,,
INDUSTRIAL,CIPHER_NEIGHBOR,UBID_REFERENCE,1,,YES,TEXT,16777216.0,,
INDUSTRIAL,CIPHER_NEIGHBOR,UBID,2,,YES,TEXT,16777216.0,,
INDUSTRIAL,CIPHER_NEIGHBOR,LATITUDE,3,,YES,NUMBER,,38.0,8.0
INDUSTRIAL,CIPHER_NEIGHBOR,LONGITUDE,4,,YES,NUMBER,,38.0,7.0
INDUSTRIAL,CIPHER_NEIGHBOR,CIPHER,5,,YES,TEXT,16777216.0,,
INDUSTRIAL,CIPHER_NEIGHBOR,DATEOBSERVED,6,,YES,NUMBER,,38.0,0.0
INDUSTRIAL,CIPHER_NEIGHBOR,BOUNDINGBOX_XMIN,7,,YES,NUMBER,,38.0,6.0
INDUSTRIAL,CIPHER_NEIGHBOR,BOUNDINGBOX_XMAX,8,,YES,NUMBER,,38.0,6.0
INDUSTRIAL,CIPHER_NEIGHBOR,BOUNDINGBOX_YMIN,9,,YES,NUMBER,,38.0,6.0
INDUSTRIAL,CIPHER_NEIGHBOR,BOUNDINGBOX_YMAX,10,,YES,NUMBER,,38.0,6.0
INDUSTRIAL,CIPHER_NEIGHBOR,FILEREFERENCE,11,,YES,TEXT,16777216.0,,
INDUSTRIAL,CIPHER_NEIGHBOR,CONSTRUCTIONPROGRESSFILE,12,,YES,TEXT,16777216.0,,
INFORMATION_SCHEMA,CLASSES,NAME,1,,NO,TEXT,16777216.0,,
INFORMATION_SCHEMA,CLASSES,SCHEMA_NAME,2,,NO,TEXT,16777216.0,,
INFORMATION_SCHEMA,CLASSES,DATABASE_NAME,3,,NO,TEXT,16777216.0,,
INFORMATION_SCHEMA,CLASSES,VERSION,4,,NO,TEXT,16777216.0,,
INFORMATION_SCHEMA,CLASSES,OWNER,5,,NO,TEXT,16777216.0,,
INFORMATION_SCHEMA,CLASSES,OWNER_ROLE_TYPE,6,,YES,TEXT,16777216.0,,
INFORMATION_SCHEMA,CLASSES,IS_SERVICE_CLASS,7,,YES,TEXT,16777216.0,,
INFORMATION_SCHEMA,CLASSES,CREATED,8,,YES,TIMESTAMP_LTZ,,,
INFORMATION_SCHEMA,CLASSES,COMMENT,9,,YES,TEXT,16777216.0,,
INFORMATION_SCHEMA,CLASS_INSTANCES,NAME,1,,NO,TEXT,16777216.0,,
INFORMATION_SCHEMA,CLASS_INSTANCES,SCHEMA_NAME,2,,NO,TEXT,16777216.0,,
INFORMATION_SCHEMA,CLASS_INSTANCES,DATABASE_NAME,3,,NO,TEXT,16777216.0,,
INFORMATION_SCHEMA,CLASS_INSTANCES,CLASS_NAME,4,,NO,TEXT,16777216.0,,
INFORMATION_SCHEMA,CLASS_INSTANCES,CLASS_SCHEMA_NAME,5,,NO,TEXT,16777216.0,,
INFORMATION_SCHEMA,CLASS_INSTANCES,CLASS_DATABASE_NAME,6,,NO,TEXT,16777216.0,,
INFORMATION_SCHEMA,CLASS_INSTANCES,VERSION,7,,NO,TEXT,16777216.0,,
INFORMATION_SCHEMA,CLASS_INSTANCES,OWNER,8,,NO,TEXT,16777216.0,,
INFORMATION_SCHEMA,CLASS_INSTANCES,OWNER_ROLE_TYPE,9,,YES,TEXT,16777216.0,,
INFORMATION_SCHEMA,CLASS_INSTANCES,CREATED,10,,YES,TIMESTAMP_LTZ,,,
INFORMATION_SCHEMA,CLASS_INSTANCES,COMMENT,11,,YES,TEXT,16777216.0,,
INFORMATION_SCHEMA,CLASS_INSTANCE_FUNCTIONS,FUNCTION_NAME,1,,NO,TEXT,16777216.0,,
INFORMATION_SCHEMA,CLASS_INSTANCE_FUNCTIONS,FUNCTION_INSTANCE_NAME,2,,NO,TEXT,16777216.0,,
INFORMATION_SCHEMA,CLASS_INSTANCE_FUNCTIONS,FUNCTION_INSTANCE_SCHEMA,3,,NO,TEXT,16777216.0,,
INFORMATION_SCHEMA,CLASS_INSTANCE_FUNCTIONS,FUNCTION_INSTANCE_DATABASE,4,,NO,TEXT,16777216.0,,
INFORMATION_SCHEMA,CLASS_INSTANCE_FUNCTIONS,FUNCTION_OWNER,5,,NO,TEXT,16777216.0,,
INFORMATION_SCHEMA,CLASS_INSTANCE_FUNCTIONS,ARGUMENT_SIGNATURE,6,,NO,TEXT,16777216.0,,
INFORMATION_SCHEMA,CLASS_INSTANCE_FUNCTIONS,DATA_TYPE,7,,NO,TEXT,16777216.0,,
INFORMATION_SCHEMA,CLASS_INSTANCE_FUNCTIONS,CHARACTER_MAXIMUM_LENGTH,8,,YES,NUMBER,,9.0,0.0
INFORMATION_SCHEMA,CLASS_INSTANCE_FUNCTIONS,CHARACTER_OCTET_LENGTH,9,,YES,NUMBER,,9.0,0.0
INFORMATION_SCHEMA,CLASS_INSTANCE_FUNCTIONS,NUMERIC_PRECISION,10,,YES,NUMBER,,9.0,0.0
INFORMATION_SCHEMA,CLASS_INSTANCE_FUNCTIONS,NUMERIC_PRECISION_RADIX,11,,YES,NUMBER,,9.0,0.0
INFORMATION_SCHEMA,CLASS_INSTANCE_FUNCTIONS,NUMERIC_SCALE,12,,YES,NUMBER,,9.0,0.0
INFORMATION_SCHEMA,CLASS_INSTANCE_FUNCTIONS,FUNCTION_LANGUAGE,13,,NO,TEXT,16777216.0,,
INFORMATION_SCHEMA,CLASS_INSTANCE_FUNCTIONS,FUNCTION_DEFINITION,14,,YES,TEXT,16777216.0,,
INFORMATION_SCHEMA,CLASS_INSTANCE_FUNCTIONS,VOLATILITY,15,,YES,TEXT,16777216.0,,
INFORMATION_SCHEMA,CLASS_INSTANCE_FUNCTIONS,IS_NULL_CALL,16,,YES,TEXT,3.0,,
INFORMATION_SCHEMA,CLASS_INSTANCE_FUNCTIONS,IS_SECURE,17,,YES,TEXT,3.0,,
INFORMATION_SCHEMA,CLASS_INSTANCE_FUNCTIONS,CREATED,18,,YES,TIMESTAMP_LTZ,,,
INFORMATION_SCHEMA,CLASS_INSTANCE_FUNCTIONS,LAST_ALTERED,19,,YES,TIMESTAMP_LTZ,,,
INFORMATION_SCHEMA,CLASS_INSTANCE_FUNCTIONS,COMMENT,20,,YES,TEXT,16777216.0,,
INFORMATION_SCHEMA,CLASS_INSTANCE_FUNCTIONS,IS_EXTERNAL,21,,YES,TEXT,3.0,,
INFORMATION_SCHEMA,CLASS_INSTANCE_FUNCTIONS,API_INTEGRATION,22,,YES,TEXT,16777216.0,,
INFORMATION_SCHEMA,CLASS_INSTANCE_FUNCTIONS,CONTEXT_HEADERS,23,,YES,TEXT,16777216.0,,
INFORMATION_SCHEMA,CLASS_INSTANCE_FUNCTIONS,MAX_BATCH_ROWS,24,,YES,NUMBER,,9.0,0.0
INFORMATION_SCHEMA,CLASS_INSTANCE_FUNCTIONS,COMPRESSION,25,,YES,TEXT,16777216.0,,
INFORMATION_SCHEMA,CLASS_INSTANCE_FUNCTIONS,PACKAGES,26,,YES,TEXT,16777216.0,,
INFORMATION_SCHEMA,CLASS_INSTANCE_FUNCTIONS,RUNTIME_VERSION,27,,YES,TEXT,16777216.0,,
INFORMATION_SCHEMA,CLASS_INSTANCE_FUNCTIONS,INSTALLED_PACKAGES,28,,YES,TEXT,16777216.0,,
INFORMATION_SCHEMA,CLASS_INSTANCE_FUNCTIONS,IS_MEMOIZABLE,29,,YES,TEXT,3.0,,
INFORMATION_SCHEMA,CLASS_INSTANCE_PROCEDURES,PROCEDURE_NAME,1,,NO,TEXT,16777216.0,,
INFORMATION_SCHEMA,CLASS_INSTANCE_PROCEDURES,PROCEDURE_INSTANCE_NAME,2,,NO,TEXT,16777216.0,,
INFORMATION_SCHEMA,CLASS_INSTANCE_PROCEDURES,PROCEDURE_INSTANCE_SCHEMA,3,,NO,TEXT,16777216.0,,
INFORMATION_SCHEMA,CLASS_INSTANCE_PROCEDURES,PROCEDURE_INSTANCE_DATABASE,4,,NO,TEXT,16777216.0,,
INFORMATION_SCHEMA,CLASS_INSTANCE_PROCEDURES,PROCEDURE_OWNER,5,,NO,TEXT,16777216.0,,
INFORMATION_SCHEMA,CLASS_INSTANCE_PROCEDURES,ARGUMENT_SIGNATURE,6,,NO,TEXT,16777216.0,,
INFORMATION_SCHEMA,CLASS_INSTANCE_PROCEDURES,DATA_TYPE,7,,NO,TEXT,16777216.0,,
INFORMATION_SCHEMA,CLASS_INSTANCE_PROCEDURES,CHARACTER_MAXIMUM_LENGTH,8,,YES,NUMBER,,9.0,0.0
INFORMATION_SCHEMA,CLASS_INSTANCE_PROCEDURES,CHARACTER_OCTET_LENGTH,9,,YES,NUMBER,,9.0,0.0
INFORMATION_SCHEMA,CLASS_INSTANCE_PROCEDURES,NUMERIC_PRECISION,10,,YES,NUMBER,,9.0,0.0
INFORMATION_SCHEMA,CLASS_INSTANCE_PROCEDURES,NUMERIC_PRECISION_RADIX,11,,YES,NUMBER,,9.0,0.0
INFORMATION_SCHEMA,CLASS_INSTANCE_PROCEDURES,NUMERIC_SCALE,12,,YES,NUMBER,,9.0,0.0
INFORMATION_SCHEMA,CLASS_INSTANCE_PROCEDURES,PROCEDURE_LANGUAGE,13,,NO,TEXT,16777216.0,,
INFORMATION_SCHEMA,CLASS_INSTANCE_PROCEDURES,PROCEDURE_DEFINITION,14,,YES,TEXT,16777216.0,,
INFORMATION_SCHEMA,CLASS_INSTANCE_PROCEDURES,CREATED,15,,YES,TIMESTAMP_LTZ,,,
INFORMATION_SCHEMA,CLASS_INSTANCE_PROCEDURES,LAST_ALTERED,16,,YES,TIMESTAMP_LTZ,,,
INFORMATION_SCHEMA,CLASS_INSTANCE_PROCEDURES,COMMENT,17,,YES,TEXT,16777216.0,,
INFORMATION_SCHEMA,COLUMNS,TABLE_CATALOG,1,,NO,TEXT,16777216.0,,
INFORMATION_SCHEMA,COLUMNS,TABLE_SCHEMA,2,,NO,TEXT,16777216.0,,
INFORMATION_SCHEMA,COLUMNS,TABLE_NAME,3,,NO,TEXT,16777216.0,,
INFORMATION_SCHEMA,COLUMNS,COLUMN_NAME,4,,NO,TEXT,16777216.0,,
INFORMATION_SCHEMA,COLUMNS,ORDINAL_POSITION,5,,YES,NUMBER,,9.0,0.0
INFORMATION_SCHEMA,COLUMNS,COLUMN_DEFAULT,6,,NO,TEXT,16777216.0,,
INFORMATION_SCHEMA,COLUMNS,IS_NULLABLE,7,,YES,TEXT,3.0,,
INFORMATION_SCHEMA,COLUMNS,DATA_TYPE,8,,NO,TEXT,16777216.0,,
INFORMATION_SCHEMA,COLUMNS,CHARACTER_MAXIMUM_LENGTH,9,,YES,NUMBER,,9.0,0.0
INFORMATION_SCHEMA,COLUMNS,CHARACTER_OCTET_LENGTH,10,,YES,NUMBER,,9.0,0.0
INFORMATION_SCHEMA,COLUMNS,NUMERIC_PRECISION,11,,YES,NUMBER,,9.0,0.0
INFORMATION_SCHEMA,COLUMNS,NUMERIC_PRECISION_RADIX,12,,YES,NUMBER,,9.0,0.0
INFORMATION_SCHEMA,COLUMNS,NUMERIC_SCALE,13,,YES,NUMBER,,9.0,0.0
INFORMATION_SCHEMA,COLUMNS,DATETIME_PRECISION,14,,YES,NUMBER,,9.0,0.0
INFORMATION_SCHEMA,COLUMNS,INTERVAL_TYPE,15,,YES,TEXT,16777216.0,,
INFORMATION_SCHEMA,COLUMNS,INTERVAL_PRECISION,16,,YES,NUMBER,,9.0,0.0
INFORMATION_SCHEMA,COLUMNS,CHARACTER_SET_CATALOG,17,,YES,TEXT,16777216.0,,
INFORMATION_SCHEMA,COLUMNS,CHARACTER_SET_SCHEMA,18,,YES,TEXT,16777216.0,,
INFORMATION_SCHEMA,COLUMNS,CHARACTER_SET_NAME,19,,YES,TEXT,16777216.0,,
INFORMATION_SCHEMA,COLUMNS,COLLATION_CATALOG,20,,YES,TEXT,16777216.0,,
INFORMATION_SCHEMA,COLUMNS,COLLATION_SCHEMA,21,,YES,TEXT,16777216.0,,
INFORMATION_SCHEMA,COLUMNS,COLLATION_NAME,22,,YES,TEXT,16777216.0,,
INFORMATION_SCHEMA,COLUMNS,DOMAIN_CATALOG,23,,YES,TEXT,16777216.0,,
INFORMATION_SCHEMA,COLUMNS,DOMAIN_SCHEMA,24,,YES,TEXT,16777216.0,,
INFORMATION_SCHEMA,COLUMNS,DOMAIN_NAME,25,,YES,TEXT,16777216.0,,
INFORMATION_SCHEMA,COLUMNS,UDT_CATALOG,26,,YES,TEXT,16777216.0,,
INFORMATION_SCHEMA,COLUMNS,UDT_SCHEMA,27,,YES,TEXT,16777216.0,,
INFORMATION_SCHEMA,COLUMNS,UDT_NAME,28,,YES,TEXT,16777216.0,,
INFORMATION_SCHEMA,COLUMNS,SCOPE_CATALOG,29,,YES,TEXT,16777216.0,,
INFORMATION_SCHEMA,COLUMNS,SCOPE_SCHEMA,30,,YES,TEXT,16777216.0,,
INFORMATION_SCHEMA,COLUMNS,SCOPE_NAME,31,,YES,TEXT,16777216.0,,
INFORMATION_SCHEMA,COLUMNS,MAXIMUM_CARDINALITY,32,,YES,NUMBER,,9.0,0.0
INFORMATION_SCHEMA,COLUMNS,DTD_IDENTIFIER,33,,YES,TEXT,16777216.0,,
INFORMATION_SCHEMA,COLUMNS,IS_SELF_REFERENCING,34,,YES,TEXT,3.0,,
INFORMATION_SCHEMA,COLUMNS,IS_IDENTITY,35,,YES,TEXT,3.0,,
INFORMATION_SCHEMA,COLUMNS,IDENTITY_GENERATION,36,,YES,TEXT,16777216.0,,
INFORMATION_SCHEMA,COLUMNS,IDENTITY_START,37,,YES,TEXT,16777216.0,,
INFORMATION_SCHEMA,COLUMNS,IDENTITY_INCREMENT,38,,YES,TEXT,16777216.0,,
INFORMATION_SCHEMA,COLUMNS,IDENTITY_MAXIMUM,39,,YES,TEXT,16777216.0,,
INFORMATION_SCHEMA,COLUMNS,IDENTITY_MINIMUM,40,,YES,TEXT,16777216.0,,
INFORMATION_SCHEMA,COLUMNS,IDENTITY_CYCLE,41,,YES,TEXT,16777216.0,,
INFORMATION_SCHEMA,COLUMNS,IDENTITY_ORDERED,42,,YES,TEXT,3.0,,
INFORMATION_SCHEMA,COLUMNS,SCHEMA_EVOLUTION_RECORD,43,,YES,TEXT,16777216.0,,
INFORMATION_SCHEMA,COLUMNS,COMMENT,44,,YES,TEXT,16777216.0,,
INFORMATION_SCHEMA,CURRENT_PACKAGES_POLICY,NAME,1,,NO,TEXT,16777216.0,,
INFORMATION_SCHEMA,CURRENT_PACKAGES_POLICY,LANGUAGE,2,,NO,TEXT,16777216.0,,
INFORMATION_SCHEMA,CURRENT_PACKAGES_POLICY,ALLOWLIST,3,,NO,TEXT,16777216.0,,
INFORMATION_SCHEMA,CURRENT_PACKAGES_POLICY,BLOCKLIST,4,,NO,TEXT,16777216.0,,
INFORMATION_SCHEMA,CURRENT_PACKAGES_POLICY,ADDITIONAL_CREATION_BLOCKLIST,5,,NO,TEXT,16777216.0,,
INFORMATION_SCHEMA,CURRENT_PACKAGES_POLICY,COMMENT,6,,YES,TEXT,16777216.0,,
INFORMATION_SCHEMA,DATABASES,DATABASE_NAME,1,,NO,TEXT,16777216.0,,
INFORMATION_SCHEMA,DATABASES,DATABASE_OWNER,2,,NO,TEXT,16777216.0,,
INFORMATION_SCHEMA,DATABASES,IS_TRANSIENT,3,,YES,TEXT,3.0,,
INFORMATION_SCHEMA,DATABASES,COMMENT,4,,YES,TEXT,16777216.0,,
INFORMATION_SCHEMA,DATABASES,CREATED,5,,YES,TIMESTAMP_LTZ,,,
INFORMATION_SCHEMA,DATABASES,LAST_ALTERED,6,,YES,TIMESTAMP_LTZ,,,
INFORMATION_SCHEMA,DATABASES,RETENTION_TIME,7,,YES,NUMBER,,9.0,0.0
INFORMATION_SCHEMA,DATABASES,TYPE,8,,NO,TEXT,16777216.0,,
INFORMATION_SCHEMA,ELEMENT_TYPES,OBJECT_CATALOG,1,,NO,TEXT,16777216.0,,
INFORMATION_SCHEMA,ELEMENT_TYPES,OBJECT_SCHEMA,2,,NO,TEXT,16777216.0,,
INFORMATION_SCHEMA,ELEMENT_TYPES,OBJECT_NAME,3,,NO,TEXT,16777216.0,,
INFORMATION_SCHEMA,ELEMENT_TYPES,OBJECT_TYPE,4,,NO,TEXT,16777216.0,,
INFORMATION_SCHEMA,ELEMENT_TYPES,COLLECTION_TYPE_IDENTIFIER,5,,NO,TEXT,16777216.0,,
INFORMATION_SCHEMA,ELEMENT_TYPES,DATA_TYPE,6,,NO,TEXT,16777216.0,,
INFORMATION_SCHEMA,ELEMENT_TYPES,CHARACTER_MAXIMUM_LENGTH,7,,YES,NUMBER,,9.0,0.0
INFORMATION_SCHEMA,ELEMENT_TYPES,CHARACTER_OCTET_LENGTH,8,,YES,NUMBER,,9.0,0.0
INFORMATION_SCHEMA,ELEMENT_TYPES,NUMERIC_PRECISION,9,,YES,NUMBER,,9.0,0.0
INFORMATION_SCHEMA,ELEMENT_TYPES,NUMERIC_PRECISION_RADIX,10,,YES,NUMBER,,9.0,0.0
INFORMATION_SCHEMA,ELEMENT_TYPES,NUMERIC_SCALE,11,,YES,NUMBER,,9.0,0.0
INFORMATION_SCHEMA,ELEMENT_TYPES,DATETIME_PRECISION,12,,YES,NUMBER,,9.0,0.0
INFORMATION_SCHEMA,ELEMENT_TYPES,INTERVAL_TYPE,13,,YES,TEXT,16777216.0,,
INFORMATION_SCHEMA,ELEMENT_TYPES,INTERVAL_PRECISION,14,,YES,NUMBER,,9.0,0.0
INFORMATION_SCHEMA,ELEMENT_TYPES,CHARACTER_SET_CATALOG,15,,YES,TEXT,16777216.0,,
INFORMATION_SCHEMA,ELEMENT_TYPES,CHARACTER_SET_SCHEMA,16,,YES,TEXT,16777216.0,,
INFORMATION_SCHEMA,ELEMENT_TYPES,CHARACTER_SET_NAME,17,,YES,TEXT,16777216.0,,
INFORMATION_SCHEMA,ELEMENT_TYPES,COLLATION_CATALOG,18,,YES,TEXT,16777216.0,,
INFORMATION_SCHEMA,ELEMENT_TYPES,COLLATION_SCHEMA,19,,YES,TEXT,16777216.0,,
INFORMATION_SCHEMA,ELEMENT_TYPES,COLLATION_NAME,20,,YES,TEXT,16777216.0,,
INFORMATION_SCHEMA,ELEMENT_TYPES,UDT_CATALOG,21,,YES,TEXT,16777216.0,,
INFORMATION_SCHEMA,ELEMENT_TYPES,UDT_SCHEMA,22,,YES,TEXT,16777216.0,,
INFORMATION_SCHEMA,ELEMENT_TYPES,UDT_NAME,23,,YES,TEXT,16777216.0,,
INFORMATION_SCHEMA,ELEMENT_TYPES,SCOPE_CATALOG,24,,YES,TEXT,16777216.0,,
INFORMATION_SCHEMA,ELEMENT_TYPES,SCOPE_SCHEMA,25,,YES,TEXT,16777216.0,,
INFORMATION_SCHEMA,ELEMENT_TYPES,SCOPE_NAME,26,,YES,TEXT,16777216.0,,
INFORMATION_SCHEMA,ELEMENT_TYPES,MAXIMUM_CARDINALITY,27,,YES,NUMBER,,9.0,0.0
INFORMATION_SCHEMA,ELEMENT_TYPES,DTD_IDENTIFIER,28,,YES,TEXT,16777216.0,,
INFORMATION_SCHEMA,ENABLED_ROLES,ROLE_NAME,1,,NO,TEXT,16777216.0,,
INFORMATION_SCHEMA,ENABLED_ROLES,ROLE_OWNER,2,,NO,TEXT,16777216.0,,
INFORMATION_SCHEMA,EVENT_TABLES,TABLE_CATALOG,1,,NO,TEXT,16777216.0,,
INFORMATION_SCHEMA,EVENT_TABLES,TABLE_SCHEMA,2,,NO,TEXT,16777216.0,,
INFORMATION_SCHEMA,EVENT_TABLES,TABLE_NAME,3,,NO,TEXT,16777216.0,,
INFORMATION_SCHEMA,EVENT_TABLES,TABLE_OWNER,4,,NO,TEXT,16777216.0,,
INFORMATION_SCHEMA,EVENT_TABLES,CREATED,5,,YES,TIMESTAMP_LTZ,,,
INFORMATION_SCHEMA,EVENT_TABLES,LAST_ALTERED,6,,YES,TIMESTAMP_LTZ,,,
INFORMATION_SCHEMA,EVENT_TABLES,COMMENT,7,,YES,TEXT,16777216.0,,
INFORMATION_SCHEMA,EXTERNAL_TABLES,TABLE_CATALOG,1,,NO,TEXT,16777216.0,,
INFORMATION_SCHEMA,EXTERNAL_TABLES,TABLE_SCHEMA,2,,NO,TEXT,16777216.0,,
INFORMATION_SCHEMA,EXTERNAL_TABLES,TABLE_NAME,3,,NO,TEXT,16777216.0,,
INFORMATION_SCHEMA,EXTERNAL_TABLES,TABLE_OWNER,4,,NO,TEXT,16777216.0,,
INFORMATION_SCHEMA,EXTERNAL_TABLES,CREATED,5,,YES,TIMESTAMP_LTZ,,,
INFORMATION_SCHEMA,EXTERNAL_TABLES,LAST_ALTERED,6,,YES,TIMESTAMP_LTZ,,,
INFORMATION_SCHEMA,EXTERNAL_TABLES,LAST_DDL,7,,YES,TIMESTAMP_LTZ,,,
INFORMATION_SCHEMA,EXTERNAL_TABLES,LAST_DDL_BY,8,,YES,TEXT,16777216.0,,
INFORMATION_SCHEMA,EXTERNAL_TABLES,COMMENT,9,,YES,TEXT,16777216.0,,
INFORMATION_SCHEMA,EXTERNAL_TABLES,LOCATION,10,,YES,TEXT,16777216.0,,
INFORMATION_SCHEMA,EXTERNAL_TABLES,FILE_FORMAT_NAME,11,,YES,TEXT,16777216.0,,
INFORMATION_SCHEMA,EXTERNAL_TABLES,FILE_FORMAT_TYPE,12,,YES,TEXT,16777216.0,,
INFORMATION_SCHEMA,FIELDS,OBJECT_CATALOG,1,,NO,TEXT,16777216.0,,
INFORMATION_SCHEMA,FIELDS,OBJECT_SCHEMA,2,,NO,TEXT,16777216.0,,
INFORMATION_SCHEMA,FIELDS,OBJECT_NAME,3,,NO,TEXT,16777216.0,,
INFORMATION_SCHEMA,FIELDS,OBJECT_TYPE,4,,NO,TEXT,16777216.0,,
INFORMATION_SCHEMA,FIELDS,ROW_IDENTIFIER,5,,NO,TEXT,16777216.0,,
INFORMATION_SCHEMA,FIELDS,FIELD_NAME,6,,YES,TEXT,16777216.0,,
INFORMATION_SCHEMA,FIELDS,ORDINAL_POSITION,7,,NO,NUMBER,,9.0,0.0
INFORMATION_SCHEMA,FIELDS,DATA_TYPE,8,,NO,TEXT,16777216.0,,
INFORMATION_SCHEMA,FIELDS,CHARACTER_MAXIMUM_LENGTH,9,,YES,NUMBER,,9.0,0.0
INFORMATION_SCHEMA,FIELDS,CHARACTER_OCTET_LENGTH,10,,YES,NUMBER,,9.0,0.0
INFORMATION_SCHEMA,FIELDS,NUMERIC_PRECISION,11,,YES,NUMBER,,9.0,0.0
INFORMATION_SCHEMA,FIELDS,NUMERIC_PRECISION_RADIX,12,,YES,NUMBER,,9.0,0.0
INFORMATION_SCHEMA,FIELDS,NUMERIC_SCALE,13,,YES,NUMBER,,9.0,0.0
INFORMATION_SCHEMA,FIELDS,DATETIME_PRECISION,14,,YES,NUMBER,,9.0,0.0
INFORMATION_SCHEMA,FIELDS,INTERVAL_TYPE,15,,YES,TEXT,16777216.0,,
INFORMATION_SCHEMA,FIELDS,INTERVAL_PRECISION,16,,YES,NUMBER,,9.0,0.0
INFORMATION_SCHEMA,FIELDS,CHARACTER_SET_CATALOG,17,,YES,TEXT,16777216.0,,
INFORMATION_SCHEMA,FIELDS,CHARACTER_SET_SCHEMA,18,,YES,TEXT,16777216.0,,
INFORMATION_SCHEMA,FIELDS,CHARACTER_SET_NAME,19,,YES,TEXT,16777216.0,,
INFORMATION_SCHEMA,FIELDS,COLLATION_CATALOG,20,,YES,TEXT,16777216.0,,
INFORMATION_SCHEMA,FIELDS,COLLATION_SCHEMA,21,,YES,TEXT,16777216.0,,
INFORMATION_SCHEMA,FIELDS,COLLATION_NAME,22,,YES,TEXT,16777216.0,,
INFORMATION_SCHEMA,FIELDS,UDT_CATALOG,23,,YES,TEXT,16777216.0,,
INFORMATION_SCHEMA,FIELDS,UDT_SCHEMA,24,,YES,TEXT,16777216.0,,
INFORMATION_SCHEMA,FIELDS,UDT_NAME,25,,YES,TEXT,16777216.0,,
INFORMATION_SCHEMA,FIELDS,SCOPE_CATALOG,26,,YES,TEXT,16777216.0,,
INFORMATION_SCHEMA,FIELDS,SCOPE_SCHEMA,27,,YES,TEXT,16777216.0,,
INFORMATION_SCHEMA,FIELDS,SCOPE_NAME,28,,YES,TEXT,16777216.0,,
INFORMATION_SCHEMA,FIELDS,MAXIMUM_CARDINALITY,29,,YES,NUMBER,,9.0,0.0
INFORMATION_SCHEMA,FIELDS,DTD_IDENTIFIER,30,,YES,TEXT,16777216.0,,
INFORMATION_SCHEMA,FILE_FORMATS,FILE_FORMAT_CATALOG,1,,NO,TEXT,16777216.0,,
INFORMATION_SCHEMA,FILE_FORMATS,FILE_FORMAT_SCHEMA,2,,NO,TEXT,16777216.0,,
INFORMATION_SCHEMA,FILE_FORMATS,FILE_FORMAT_NAME,3,,NO,TEXT,16777216.0,,
INFORMATION_SCHEMA,FILE_FORMATS,FILE_FORMAT_OWNER,4,,NO,TEXT,16777216.0,,
INFORMATION_SCHEMA,FILE_FORMATS,FILE_FORMAT_TYPE,5,,NO,TEXT,16777216.0,,
INFORMATION_SCHEMA,FILE_FORMATS,RECORD_DELIMITER,6,,YES,TEXT,1.0,,
INFORMATION_SCHEMA,FILE_FORMATS,FIELD_DELIMITER,7,,YES,TEXT,1.0,,
INFORMATION_SCHEMA,FILE_FORMATS,SKIP_HEADER,8,,YES,NUMBER,,9.0,0.0
INFORMATION_SCHEMA,FILE_FORMATS,DATE_FORMAT,9,,YES,TEXT,16777216.0,,
INFORMATION_SCHEMA,FILE_FORMATS,TIME_FORMAT,10,,YES,TEXT,16777216.0,,
INFORMATION_SCHEMA,FILE_FORMATS,TIMESTAMP_FORMAT,11,,YES,TEXT,16777216.0,,
INFORMATION_SCHEMA,FILE_FORMATS,BINARY_FORMAT,12,,YES,TEXT,16777216.0,,
INFORMATION_SCHEMA,FILE_FORMATS,ESCAPE,13,,YES,TEXT,1.0,,
INFORMATION_SCHEMA,FILE_FORMATS,ESCAPE_UNENCLOSED_FIELD,14,,YES,TEXT,1.0,,
INFORMATION_SCHEMA,FILE_FORMATS,TRIM_SPACE,15,,YES,TEXT,16777216.0,,
INFORMATION_SCHEMA,FILE_FORMATS,FIELD_OPTIONALLY_ENCLOSED_BY,16,,YES,TEXT,16777216.0,,
INFORMATION_SCHEMA,FILE_FORMATS,NULL_IF,17,,YES,TEXT,16777216.0,,
INFORMATION_SCHEMA,FILE_FORMATS,COMPRESSION,18,,YES,TEXT,16777216.0,,
INFORMATION_SCHEMA,FILE_FORMATS,ERROR_ON_COLUMN_COUNT_MISMATCH,19,,YES,TEXT,16777216.0,,
INFORMATION_SCHEMA,FILE_FORMATS,CREATED,20,,YES,TIMESTAMP_LTZ,,,
INFORMATION_SCHEMA,FILE_FORMATS,LAST_ALTERED,21,,YES,TIMESTAMP_LTZ,,,
INFORMATION_SCHEMA,FILE_FORMATS,COMMENT,22,,YES,TEXT,16777216.0,,
INFORMATION_SCHEMA,FUNCTIONS,FUNCTION_CATALOG,1,,NO,TEXT,16777216.0,,
INFORMATION_SCHEMA,FUNCTIONS,FUNCTION_SCHEMA,2,,NO,TEXT,16777216.0,,
INFORMATION_SCHEMA,FUNCTIONS,FUNCTION_NAME,3,,NO,TEXT,16777216.0,,
INFORMATION_SCHEMA,FUNCTIONS,FUNCTION_OWNER,4,,NO,TEXT,16777216.0,,
INFORMATION_SCHEMA,FUNCTIONS,ARGUMENT_SIGNATURE,5,,NO,TEXT,16777216.0,,
INFORMATION_SCHEMA,FUNCTIONS,DATA_TYPE,6,,NO,TEXT,16777216.0,,
INFORMATION_SCHEMA,FUNCTIONS,CHARACTER_MAXIMUM_LENGTH,7,,YES,NUMBER,,9.0,0.0
INFORMATION_SCHEMA,FUNCTIONS,CHARACTER_OCTET_LENGTH,8,,YES,NUMBER,,9.0,0.0
INFORMATION_SCHEMA,FUNCTIONS,NUMERIC_PRECISION,9,,YES,NUMBER,,9.0,0.0
INFORMATION_SCHEMA,FUNCTIONS,NUMERIC_PRECISION_RADIX,10,,YES,NUMBER,,9.0,0.0
INFORMATION_SCHEMA,FUNCTIONS,NUMERIC_SCALE,11,,YES,NUMBER,,9.0,0.0
INFORMATION_SCHEMA,FUNCTIONS,FUNCTION_LANGUAGE,12,,NO,TEXT,16777216.0,,
INFORMATION_SCHEMA,FUNCTIONS,FUNCTION_DEFINITION,13,,YES,TEXT,16777216.0,,
INFORMATION_SCHEMA,FUNCTIONS,VOLATILITY,14,,YES,TEXT,16777216.0,,
INFORMATION_SCHEMA,FUNCTIONS,IS_NULL_CALL,15,,YES,TEXT,3.0,,
INFORMATION_SCHEMA,FUNCTIONS,IS_SECURE,16,,YES,TEXT,3.0,,
INFORMATION_SCHEMA,FUNCTIONS,CREATED,17,,YES,TIMESTAMP_LTZ,,,
INFORMATION_SCHEMA,FUNCTIONS,LAST_ALTERED,18,,YES,TIMESTAMP_LTZ,,,
INFORMATION_SCHEMA,FUNCTIONS,COMMENT,19,,YES,TEXT,16777216.0,,
INFORMATION_SCHEMA,FUNCTIONS,IS_EXTERNAL,20,,YES,TEXT,3.0,,
INFORMATION_SCHEMA,FUNCTIONS,API_INTEGRATION,21,,YES,TEXT,16777216.0,,
INFORMATION_SCHEMA,FUNCTIONS,CONTEXT_HEADERS,22,,YES,TEXT,16777216.0,,
INFORMATION_SCHEMA,FUNCTIONS,MAX_BATCH_ROWS,23,,YES,NUMBER,,9.0,0.0
INFORMATION_SCHEMA,FUNCTIONS,REQUEST_TRANSLATOR,24,,YES,TEXT,16777216.0,,
INFORMATION_SCHEMA,FUNCTIONS,RESPONSE_TRANSLATOR,25,,YES,TEXT,16777216.0,,
INFORMATION_SCHEMA,FUNCTIONS,COMPRESSION,26,,YES,TEXT,16777216.0,,
INFORMATION_SCHEMA,FUNCTIONS,IMPORTS,27,,YES,TEXT,16777216.0,,
INFORMATION_SCHEMA,FUNCTIONS,HANDLER,28,,YES,TEXT,16777216.0,,
INFORMATION_SCHEMA,FUNCTIONS,TARGET_PATH,29,,YES,TEXT,16777216.0,,
INFORMATION_SCHEMA,FUNCTIONS,RUNTIME_VERSION,30,,YES,TEXT,16777216.0,,
INFORMATION_SCHEMA,FUNCTIONS,PACKAGES,31,,YES,TEXT,16777216.0,,
INFORMATION_SCHEMA,FUNCTIONS,INSTALLED_PACKAGES,32,,YES,TEXT,16777216.0,,
INFORMATION_SCHEMA,FUNCTIONS,IS_MEMOIZABLE,33,,YES,TEXT,3.0,,
INFORMATION_SCHEMA,FUNCTIONS,EXTERNAL_ACCESS_INTEGRATIONS,34,,YES,TEXT,16777216.0,,
INFORMATION_SCHEMA,FUNCTIONS,SECRETS,35,,YES,TEXT,16777216.0,,
INFORMATION_SCHEMA,FUNCTIONS,IS_DATA_METRIC,36,,YES,TEXT,3.0,,
INFORMATION_SCHEMA,GIT_REPOSITORIES,GIT_REPOSITORY_CATALOG,1,,NO,TEXT,16777216.0,,
INFORMATION_SCHEMA,GIT_REPOSITORIES,GIT_REPOSITORY_SCHEMA,2,,NO,TEXT,16777216.0,,
INFORMATION_SCHEMA,GIT_REPOSITORIES,GIT_REPOSITORY_NAME,3,,NO,TEXT,16777216.0,,
INFORMATION_SCHEMA,GIT_REPOSITORIES,GIT_REPOSITORY_OWNER,4,,YES,TEXT,16777216.0,,
INFORMATION_SCHEMA,GIT_REPOSITORIES,ORIGIN,5,,NO,TEXT,16777216.0,,
INFORMATION_SCHEMA,GIT_REPOSITORIES,API_INTEGRATION,6,,NO,TEXT,16777216.0,,
INFORMATION_SCHEMA,GIT_REPOSITORIES,GIT_CREDENTIALS,7,,YES,TEXT,16777216.0,,
INFORMATION_SCHEMA,GIT_REPOSITORIES,COMMENT,8,,YES,TEXT,16777216.0,,
INFORMATION_SCHEMA,GIT_REPOSITORIES,CREATED,9,,YES,TIMESTAMP_LTZ,,,
INFORMATION_SCHEMA,GIT_REPOSITORIES,LAST_ALTERED,10,,YES,TIMESTAMP_LTZ,,,
INFORMATION_SCHEMA,INFORMATION_SCHEMA_CATALOG_NAME,CATALOG_NAME,1,,NO,TEXT,16777216.0,,
INFORMATION_SCHEMA,LOAD_HISTORY,SCHEMA_NAME,1,,NO,TEXT,16777216.0,,
INFORMATION_SCHEMA,LOAD_HISTORY,FILE_NAME,2,,NO,TEXT,16777216.0,,
INFORMATION_SCHEMA,LOAD_HISTORY,TABLE_NAME,3,,NO,TEXT,16777216.0,,
INFORMATION_SCHEMA,LOAD_HISTORY,LAST_LOAD_TIME,4,,YES,TIMESTAMP_LTZ,,,
INFORMATION_SCHEMA,LOAD_HISTORY,STATUS,5,,NO,TEXT,16777216.0,,
INFORMATION_SCHEMA,LOAD_HISTORY,ROW_COUNT,6,,YES,NUMBER,,9.0,0.0
INFORMATION_SCHEMA,LOAD_HISTORY,ROW_PARSED,7,,YES,NUMBER,,9.0,0.0
INFORMATION_SCHEMA,LOAD_HISTORY,FIRST_ERROR_MESSAGE,8,,YES,TEXT,16777216.0,,
INFORMATION_SCHEMA,LOAD_HISTORY,FIRST_ERROR_LINE_NUMBER,9,,YES,NUMBER,,9.0,0.0
INFORMATION_SCHEMA,LOAD_HISTORY,FIRST_ERROR_CHARACTER_POSITION,10,,YES,NUMBER,,9.0,0.0
INFORMATION_SCHEMA,LOAD_HISTORY,FIRST_ERROR_COL_NAME,11,,YES,TEXT,16777216.0,,
INFORMATION_SCHEMA,LOAD_HISTORY,ERROR_COUNT,12,,YES,NUMBER,,9.0,0.0
INFORMATION_SCHEMA,LOAD_HISTORY,ERROR_LIMIT,13,,YES,NUMBER,,9.0,0.0
INFORMATION_SCHEMA,MODEL_VERSIONS,CATALOG_NAME,1,,NO,TEXT,16777216.0,,
INFORMATION_SCHEMA,MODEL_VERSIONS,CATALOG_ID,2,,NO,NUMBER,,9.0,0.0
INFORMATION_SCHEMA,MODEL_VERSIONS,SCHEMA_NAME,3,,NO,TEXT,16777216.0,,
INFORMATION_SCHEMA,MODEL_VERSIONS,SCHEMA_ID,4,,NO,NUMBER,,9.0,0.0
INFORMATION_SCHEMA,MODEL_VERSIONS,MODEL_NAME,5,,NO,TEXT,16777216.0,,
INFORMATION_SCHEMA,MODEL_VERSIONS,MODEL_VERSION_NAME,6,,NO,TEXT,16777216.0,,
INFORMATION_SCHEMA,MODEL_VERSIONS,VERSION_ALIASES,7,,YES,ARRAY,,,
INFORMATION_SCHEMA,MODEL_VERSIONS,COMMENT,8,,YES,TEXT,16777216.0,,
INFORMATION_SCHEMA,MODEL_VERSIONS,MODEL_COMMENT,9,,YES,TEXT,16777216.0,,
INFORMATION_SCHEMA,MODEL_VERSIONS,OWNER,10,,NO,TEXT,16777216.0,,
INFORMATION_SCHEMA,MODEL_VERSIONS,CREATED_ON,11,,YES,TIMESTAMP_LTZ,,,
INFORMATION_SCHEMA,MODEL_VERSIONS,LAST_ALTERED_ON,12,,YES,TIMESTAMP_LTZ,,,
INFORMATION_SCHEMA,MODEL_VERSIONS,FUNCTIONS,13,,NO,TEXT,16777216.0,,
INFORMATION_SCHEMA,MODEL_VERSIONS,MODEL_TYPE,14,,NO,TEXT,16777216.0,,
INFORMATION_SCHEMA,MODEL_VERSIONS,PYTHON_VERSION,15,,NO,TEXT,16777216.0,,
INFORMATION_SCHEMA,MODEL_VERSIONS,LANGUAGE,16,,NO,TEXT,16777216.0,,
INFORMATION_SCHEMA,MODEL_VERSIONS,DEPENDENCIES,17,,NO,TEXT,16777216.0,,
INFORMATION_SCHEMA,MODEL_VERSIONS,METADATA,18,,YES,OBJECT,,,
INFORMATION_SCHEMA,MODEL_VERSIONS,USERDATA,19,,YES,OBJECT,,,
SELF_STORAGE,MONTHLY_PRICE,ZIP,1,,YES,TEXT,10.0,,
SELF_STORAGE,MONTHLY_PRICE,LENGTH,2,,YES,FLOAT,,,
SELF_STORAGE,MONTHLY_PRICE,WIDTH,3,,YES,FLOAT,,,
SELF_STORAGE,MONTHLY_PRICE,CLIMATE_CONTROLLED,4,,YES,NUMBER,,38.0,0.0
SELF_STORAGE,MONTHLY_PRICE,DRIVE_UP,5,,YES,NUMBER,,38.0,0.0
SELF_STORAGE,MONTHLY_PRICE,YEAR_MONTH,6,,YES,DATE,,,
SELF_STORAGE,MONTHLY_PRICE,AVG_WEB_PRICE,7,,YES,FLOAT,,,
SELF_STORAGE,MONTHLY_PRICE,AVG_INSTORE_PRICE,8,,YES,FLOAT,,,
SELF_STORAGE,MONTHLY_SUMMARY,ZIP,1,,YES,TEXT,10.0,,
SELF_STORAGE,MONTHLY_SUMMARY,LENGTH,2,,YES,FLOAT,,,
SELF_STORAGE,MONTHLY_SUMMARY,WIDTH,3,,YES,FLOAT,,,
SELF_STORAGE,MONTHLY_SUMMARY,CLIMATE_CONTROLLED,4,,YES,NUMBER,,38.0,0.0
SELF_STORAGE,MONTHLY_SUMMARY,DRIVE_UP,5,,YES,NUMBER,,38.0,0.0
SELF_STORAGE,MONTHLY_SUMMARY,YEAR_MONTH,6,,YES,DATE,,,
SELF_STORAGE,MONTHLY_SUMMARY,AVG_WEB_PRICE,7,,YES,FLOAT,,,
SELF_STORAGE,MONTHLY_SUMMARY,AVG_INSTORE_PRICE,8,,YES,FLOAT,,,
INFORMATION_SCHEMA,OBJECT_PRIVILEGES,GRANTOR,1,,NO,TEXT,16777216.0,,
INFORMATION_SCHEMA,OBJECT_PRIVILEGES,GRANTEE,2,,NO,TEXT,16777216.0,,
INFORMATION_SCHEMA,OBJECT_PRIVILEGES,OBJECT_CATALOG,3,,NO,TEXT,16777216.0,,
INFORMATION_SCHEMA,OBJECT_PRIVILEGES,OBJECT_SCHEMA,4,,NO,TEXT,16777216.0,,
INFORMATION_SCHEMA,OBJECT_PRIVILEGES,OBJECT_NAME,5,,NO,TEXT,16777216.0,,
INFORMATION_SCHEMA,OBJECT_PRIVILEGES,OBJECT_TYPE,6,,NO,TEXT,16777216.0,,
INFORMATION_SCHEMA,OBJECT_PRIVILEGES,PRIVILEGE_TYPE,7,,NO,TEXT,16777216.0,,
INFORMATION_SCHEMA,OBJECT_PRIVILEGES,IS_GRANTABLE,8,,YES,TEXT,3.0,,
INFORMATION_SCHEMA,OBJECT_PRIVILEGES,CREATED,9,,YES,TIMESTAMP_LTZ,,,
MULTIFAMILY,OCC_FORECAST_04242024,SERIES,1,,YES,VARIANT,,,
MULTIFAMILY,OCC_FORECAST_04242024,TS,2,,YES,TIMESTAMP_NTZ,,,
MULTIFAMILY,OCC_FORECAST_04242024,FORECAST,3,,YES,FLOAT,,,
MULTIFAMILY,OCC_FORECAST_04242024,LOWER_BOUND,4,,YES,FLOAT,,,
MULTIFAMILY,OCC_FORECAST_04242024,UPPER_BOUND,5,,YES,FLOAT,,,
SELF_STORAGE,OPERATING_FACILITY_FILE_FINANCIALS,MAINDIR,1,,YES,TEXT,16777216.0,,
SELF_STORAGE,OPERATING_FACILITY_FILE_FINANCIALS,OPERATOR,2,,YES,TEXT,16777216.0,,
SELF_STORAGE,OPERATING_FACILITY_FILE_FINANCIALS,ASSET,3,,YES,TEXT,16777216.0,,
SELF_STORAGE,OPERATING_FACILITY_FILE_FINANCIALS,YEAR,4,,YES,NUMBER,,38.0,0.0
SELF_STORAGE,OPERATING_FACILITY_FILE_FINANCIALS,MONTH,5,,YES,NUMBER,,38.0,0.0
SELF_STORAGE,OPERATING_FACILITY_FILE_FINANCIALS,DATE,6,,YES,NUMBER,,38.0,0.0
SELF_STORAGE,OPERATING_FACILITY_FILE_FINANCIALS,FILE,7,,YES,TEXT,16777216.0,,
INFORMATION_SCHEMA,PACKAGES,PACKAGE_NAME,1,,NO,TEXT,16777216.0,,
INFORMATION_SCHEMA,PACKAGES,VERSION,2,,NO,TEXT,16777216.0,,
INFORMATION_SCHEMA,PACKAGES,LANGUAGE,3,,NO,TEXT,16777216.0,,
INFORMATION_SCHEMA,PACKAGES,RUNTIME_VERSION,4,,YES,TEXT,16777216.0,,
INFORMATION_SCHEMA,PIPES,PIPE_CATALOG,1,,NO,TEXT,16777216.0,,
INFORMATION_SCHEMA,PIPES,PIPE_SCHEMA,2,,NO,TEXT,16777216.0,,
INFORMATION_SCHEMA,PIPES,PIPE_NAME,3,,NO,TEXT,16777216.0,,
INFORMATION_SCHEMA,PIPES,PIPE_OWNER,4,,NO,TEXT,16777216.0,,
INFORMATION_SCHEMA,PIPES,DEFINITION,5,,NO,TEXT,16777216.0,,
INFORMATION_SCHEMA,PIPES,IS_AUTOINGEST_ENABLED,6,,YES,TEXT,3.0,,
INFORMATION_SCHEMA,PIPES,NOTIFICATION_CHANNEL_NAME,7,,YES,TEXT,16777216.0,,
INFORMATION_SCHEMA,PIPES,CREATED,8,,YES,TIMESTAMP_LTZ,,,
INFORMATION_SCHEMA,PIPES,LAST_ALTERED,9,,YES,TIMESTAMP_LTZ,,,
INFORMATION_SCHEMA,PIPES,COMMENT,10,,YES,TEXT,16777216.0,,
INFORMATION_SCHEMA,PIPES,PATTERN,11,,YES,TEXT,16777216.0,,
INFORMATION_SCHEMA,PROCEDURES,PROCEDURE_CATALOG,1,,NO,TEXT,16777216.0,,
INFORMATION_SCHEMA,PROCEDURES,PROCEDURE_SCHEMA,2,,NO,TEXT,16777216.0,,
INFORMATION_SCHEMA,PROCEDURES,PROCEDURE_NAME,3,,NO,TEXT,16777216.0,,
INFORMATION_SCHEMA,PROCEDURES,PROCEDURE_OWNER,4,,NO,TEXT,16777216.0,,
INFORMATION_SCHEMA,PROCEDURES,ARGUMENT_SIGNATURE,5,,NO,TEXT,16777216.0,,
INFORMATION_SCHEMA,PROCEDURES,DATA_TYPE,6,,NO,TEXT,16777216.0,,
INFORMATION_SCHEMA,PROCEDURES,CHARACTER_MAXIMUM_LENGTH,7,,YES,NUMBER,,9.0,0.0
INFORMATION_SCHEMA,PROCEDURES,CHARACTER_OCTET_LENGTH,8,,YES,NUMBER,,9.0,0.0
INFORMATION_SCHEMA,PROCEDURES,NUMERIC_PRECISION,9,,YES,NUMBER,,9.0,0.0
INFORMATION_SCHEMA,PROCEDURES,NUMERIC_PRECISION_RADIX,10,,YES,NUMBER,,9.0,0.0
INFORMATION_SCHEMA,PROCEDURES,NUMERIC_SCALE,11,,YES,NUMBER,,9.0,0.0
INFORMATION_SCHEMA,PROCEDURES,PROCEDURE_LANGUAGE,12,,NO,TEXT,16777216.0,,
INFORMATION_SCHEMA,PROCEDURES,PROCEDURE_DEFINITION,13,,YES,TEXT,16777216.0,,
INFORMATION_SCHEMA,PROCEDURES,CREATED,14,,YES,TIMESTAMP_LTZ,,,
INFORMATION_SCHEMA,PROCEDURES,LAST_ALTERED,15,,YES,TIMESTAMP_LTZ,,,
INFORMATION_SCHEMA,PROCEDURES,COMMENT,16,,YES,TEXT,16777216.0,,
INFORMATION_SCHEMA,PROCEDURES,EXTERNAL_ACCESS_INTEGRATIONS,17,,YES,TEXT,16777216.0,,
INFORMATION_SCHEMA,PROCEDURES,SECRETS,18,,YES,TEXT,16777216.0,,
SELF_STORAGE,PROPRIETARY_OCCUPANCY,UBID,1,,YES,TEXT,16777216.0,,
SELF_STORAGE,PROPRIETARY_OCCUPANCY,FACILITY_NUID,2,,YES,NUMBER,,38.0,0.0
SELF_STORAGE,PROPRIETARY_OCCUPANCY,LISTING_ID,3,,YES,NUMBER,,38.0,0.0
SELF_STORAGE,PROPRIETARY_OCCUPANCY,UNITUID,4,,YES,NUMBER,,38.0,0.0
SELF_STORAGE,PROPRIETARY_OCCUPANCY,PRICING_DATE,5,,YES,DATE,,,
SELF_STORAGE,PROPRIETARY_OCCUPANCY,AVAILABLE_QUANTITY,6,,YES,NUMBER,,38.0,0.0
SELF_STORAGE,PROPRIETARY_OCCUPANCY,AVAILABLE_UNOCCUPIED_SQFT,7,,YES,FLOAT,,,
SELF_STORAGE,PROPRIETARY_OCCUPANCY,TOTAL_QUANTITY,8,,YES,NUMBER,,38.0,0.0
SELF_STORAGE,PROPRIETARY_PRICING,UBID,1,,YES,TEXT,16777216.0,,
SELF_STORAGE,PROPRIETARY_PRICING,FACILITY_NUID,2,,YES,NUMBER,,38.0,0.0
SELF_STORAGE,PROPRIETARY_PRICING,LISTING_ID,3,,YES,NUMBER,,38.0,0.0
SELF_STORAGE,PROPRIETARY_PRICING,UNITUID,4,,YES,NUMBER,,38.0,0.0
SELF_STORAGE,PROPRIETARY_PRICING,PRICING_DATE,5,,YES,DATE,,,
SELF_STORAGE,PROPRIETARY_PRICING,CURRENT_AVG_PRICE,6,,YES,FLOAT,,,
SELF_STORAGE,PROPRIETARY_PRICING,REGULAR_AVG_PRICE,7,,YES,FLOAT,,,
SELF_STORAGE,PROPRIETARY_PRICING,ALTERNATE_AVG_PRICE,8,,YES,FLOAT,,,
SELF_STORAGE,PROPRIETARY_UNIT_ATTRIBUTE,UBID,1,,YES,TEXT,16777216.0,,
SELF_STORAGE,PROPRIETARY_UNIT_ATTRIBUTE,FACILITY_NUID,2,,YES,NUMBER,,38.0,0.0
SELF_STORAGE,PROPRIETARY_UNIT_ATTRIBUTE,LISTING_ID,3,,YES,NUMBER,,38.0,0.0
SELF_STORAGE,PROPRIETARY_UNIT_ATTRIBUTE,COMPANY_NAME,4,,YES,TEXT,16777216.0,,
SELF_STORAGE,PROPRIETARY_UNIT_ATTRIBUTE,UNITUID,5,,YES,NUMBER,,38.0,0.0
SELF_STORAGE,PROPRIETARY_UNIT_ATTRIBUTE,LENGTH,6,,YES,NUMBER,,38.0,0.0
SELF_STORAGE,PROPRIETARY_UNIT_ATTRIBUTE,WIDTH,7,,YES,NUMBER,,38.0,0.0
SELF_STORAGE,PROPRIETARY_UNIT_ATTRIBUTE,SQFT,8,,YES,NUMBER,,38.0,0.0
SELF_STORAGE,PROPRIETARY_UNIT_ATTRIBUTE,CLIMATE_CONTROLLED,9,,YES,NUMBER,,38.0,0.0
SELF_STORAGE,PROPRIETARY_UNIT_ATTRIBUTE,RV,10,,YES,NUMBER,,38.0,0.0
SELF_STORAGE,PROPRIETARY_UNIT_ATTRIBUTE,DRIVE_UP,11,,YES,NUMBER,,38.0,0.0
SELF_STORAGE,PROPRIETARY_UNIT_ATTRIBUTE,INTERIOR,12,,YES,NUMBER,,38.0,0.0
SELF_STORAGE,PROPRIETARY_UNIT_ATTRIBUTE,ELEVATOR,13,,YES,NUMBER,,38.0,0.0
SELF_STORAGE,PROPRIETARY_UNIT_ATTRIBUTE,UPPER_FLOOR,14,,YES,NUMBER,,38.0,0.0
SELF_STORAGE,PROPRIETARY_UNIT_ATTRIBUTE,STAIRS,15,,YES,NUMBER,,38.0,0.0
SELF_STORAGE,RADIUS_UNION_FACILITY,FACILITY_ID,1,,YES,NUMBER,,38.0,0.0
SELF_STORAGE,RADIUS_UNION_FACILITY,COMPANY_NAME,2,,YES,TEXT,16777216.0,,
SELF_STORAGE,RADIUS_UNION_FACILITY,STREET,3,,YES,TEXT,16777216.0,,
SELF_STORAGE,RADIUS_UNION_FACILITY,CITY,4,,YES,TEXT,16777216.0,,
SELF_STORAGE,RADIUS_UNION_FACILITY,STATE,5,,YES,TEXT,16777216.0,,
SELF_STORAGE,RADIUS_UNION_FACILITY,END_DATE,6,,YES,DATE,,,
SELF_STORAGE,RADIUS_UNION_FACILITY,ZIP,7,,YES,TEXT,10.0,,
SELF_STORAGE,RADIUS_UNION_GEOCODE_CHECK,NAME,1,,YES,TEXT,16777216.0,,
SELF_STORAGE,RADIUS_UNION_GEOCODE_CHECK,TYPE,2,,YES,TEXT,16777216.0,,
SELF_STORAGE,RADIUS_UNION_GEOCODE_CHECK,ADDRESS,3,,YES,TEXT,16777216.0,,
SELF_STORAGE,RADIUS_UNION_GEOCODE_CHECK,ADDRESS_LATLON_1,4,,YES,NUMBER,,38.0,8.0
SELF_STORAGE,RADIUS_UNION_GEOCODE_CHECK,ADDRESS_LATLON_2,5,,YES,NUMBER,,38.0,8.0
SELF_STORAGE,RADIUS_UNION_GEOCODE_CHECK,GEOID,6,,YES,TEXT,16777216.0,,
SELF_STORAGE,RADIUS_UNION_GEOCODE_CHECK,BLOCK_FIPS,7,,YES,TEXT,16777216.0,,
SELF_STORAGE,RADIUS_UNION_GEOCODE_CHECK,CITY,8,,YES,TEXT,16777216.0,,
SELF_STORAGE,RADIUS_UNION_GEOCODE_CHECK,STATE,9,,YES,TEXT,16777216.0,,
SELF_STORAGE,RADIUS_UNION_GEOCODE_CHECK,STATE_FIPS,10,,YES,TEXT,16777216.0,,
SELF_STORAGE,RADIUS_UNION_GEOCODE_CHECK,ZIP,11,,YES,TEXT,16777216.0,,
SELF_STORAGE,RADIUS_UNION_GEOCODE_CHECK,PHONE,12,,YES,TEXT,16777216.0,,
SELF_STORAGE,RADIUS_UNION_GEOCODE_CHECK,OWNER,13,,YES,TEXT,16777216.0,,
SELF_STORAGE,RADIUS_UNION_GEOCODE_CHECK,COUNTY_FIPS,14,,YES,TEXT,16777216.0,,
SELF_STORAGE,RADIUS_UNION_GEOCODE_CHECK,COUNTY,15,,YES,TEXT,16777216.0,,
SELF_STORAGE,RADIUS_UNION_GEOCODE_CHECK,YEAR,16,,YES,TEXT,16777216.0,,
SELF_STORAGE,RADIUS_UNION_GEOCODE_CHECK,UID,17,,YES,NUMBER,,38.0,0.0
SELF_STORAGE,RADIUS_UNION_GEOCODE_CHECK,AMENITY_LIST,18,,YES,TEXT,16777216.0,,
SELF_STORAGE,RADIUS_UNION_GEOCODE_CHECK,UNIT,19,,YES,TEXT,16777216.0,,
SELF_STORAGE,RADIUS_UNION_GEOCODE_CHECK,NET_RENTABLE_SQFT,20,,YES,TEXT,16777216.0,,
SELF_STORAGE,RADIUS_UNION_GEOCODE_CHECK,YEAR_BUILT,21,,YES,TEXT,16777216.0,,
SELF_STORAGE,RADIUS_UNION_PRICING,FACILITY_ID,1,,YES,NUMBER,,38.0,0.0
SELF_STORAGE,RADIUS_UNION_PRICING,COMPANY_NAME,2,,YES,TEXT,16777216.0,,
SELF_STORAGE,RADIUS_UNION_PRICING,UNITUID,3,,YES,NUMBER,,38.0,0.0
SELF_STORAGE,RADIUS_UNION_PRICING,PRICING_DATE,4,,YES,DATE,,,
SELF_STORAGE,RADIUS_UNION_PRICING,WEB_AVG_PRICE,5,,YES,FLOAT,,,
SELF_STORAGE,RADIUS_UNION_PRICING,INSTORE_AVG_PRICE,7,,YES,FLOAT,,,
SELF_STORAGE,RADIUS_UNION_UNIT,FACILITY_ID,1,,YES,NUMBER,,38.0,0.0
SELF_STORAGE,RADIUS_UNION_UNIT,UNITUID,2,,YES,NUMBER,,38.0,0.0
SELF_STORAGE,RADIUS_UNION_UNIT,LENGTH,3,,YES,FLOAT,,,
SELF_STORAGE,RADIUS_UNION_UNIT,WIDTH,4,,YES,FLOAT,,,
SELF_STORAGE,RADIUS_UNION_UNIT,CLIMATE_CONTROLLED,5,,YES,NUMBER,,38.0,0.0
SELF_STORAGE,RADIUS_UNION_UNIT,RV,6,,YES,NUMBER,,38.0,0.0
SELF_STORAGE,RADIUS_UNION_UNIT,DRIVE_UP,7,,YES,NUMBER,,38.0,0.0
SELF_STORAGE,RADIUS_UNION_UNIT,INTERIOR,8,,YES,NUMBER,,38.0,0.0
SELF_STORAGE,RADIUS_UNION_UNIT,ELEVATOR,9,,YES,NUMBER,,38.0,0.0
SELF_STORAGE,RADIUS_UNION_UNIT,UPPER_FLOOR,10,,YES,NUMBER,,38.0,0.0
SELF_STORAGE,RADIUS_UNION_UNIT,STAIRS,11,,YES,NUMBER,,38.0,0.0
YELP,RAW_SOURCE,SRC,1,,YES,VARIANT,,,
MULTIFAMILY,REAL_PAGE_CONCESSIONS,PROPERTY_ID,1,,YES,NUMBER,,38.0,0.0
MULTIFAMILY,REAL_PAGE_CONCESSIONS,DATE,2,,YES,DATE,,,
MULTIFAMILY,REAL_PAGE_CONCESSIONS,CONCESSION_AMOUNT,3,,YES,FLOAT,,,
MULTIFAMILY,REAL_PAGE_CONCESSIONS,CONCESSION_PCT,4,,YES,FLOAT,,,
MULTIFAMILY,REAL_PAGE_OCCUPANCY,PROPERTY_ID,1,,YES,NUMBER,,38.0,0.0
MULTIFAMILY,REAL_PAGE_OCCUPANCY,DATE,2,,YES,DATE,,,
MULTIFAMILY,REAL_PAGE_OCCUPANCY,OCCUPANCY,3,,YES,FLOAT,,,
MULTIFAMILY,REAL_PAGE_OCCUPANCY_V1,DATE_V1,1,,YES,TIMESTAMP_NTZ,,,
MULTIFAMILY,REAL_PAGE_OCCUPANCY_V1,OCCUPANCY,2,,YES,FLOAT,,,
MULTIFAMILY,REAL_PAGE_OCCUPANCY_V1,PROPERTY_ID,3,,YES,NUMBER,,38.0,0.0
MULTIFAMILY,REAL_PAGE_PROPERTY_ATTRIBUTES,PROPERTY_ID,1,,YES,NUMBER,,38.0,0.0
MULTIFAMILY,REAL_PAGE_PROPERTY_ATTRIBUTES,PROPERTY_STATUS,2,,YES,TEXT,255.0,,
MULTIFAMILY,REAL_PAGE_PROPERTY_ATTRIBUTES,PROPERTY_STYLE,3,,YES,TEXT,255.0,,
MULTIFAMILY,REAL_PAGE_PROPERTY_ATTRIBUTES,NAME,4,,YES,TEXT,255.0,,
MULTIFAMILY,REAL_PAGE_PROPERTY_ATTRIBUTES,ADDRESS,5,,YES,TEXT,255.0,,
MULTIFAMILY,REAL_PAGE_PROPERTY_ATTRIBUTES,CITY,6,,YES,TEXT,255.0,,
MULTIFAMILY,REAL_PAGE_PROPERTY_ATTRIBUTES,STATE,7,,YES,TEXT,2.0,,
MULTIFAMILY,REAL_PAGE_PROPERTY_ATTRIBUTES,ZIP_CODE,8,,YES,TEXT,5.0,,
MULTIFAMILY,REAL_PAGE_PROPERTY_ATTRIBUTES,PHONE,9,,YES,TEXT,20.0,,
MULTIFAMILY,REAL_PAGE_PROPERTY_ATTRIBUTES,LATITUDE,10,,YES,FLOAT,,,
MULTIFAMILY,REAL_PAGE_PROPERTY_ATTRIBUTES,LONGITUDE,11,,YES,FLOAT,,,
MULTIFAMILY,REAL_PAGE_PROPERTY_ATTRIBUTES,GEOGRAPHY_CODE,12,,YES,TEXT,10.0,,
MULTIFAMILY,REAL_PAGE_PROPERTY_ATTRIBUTES,MARKET,13,,YES,TEXT,255.0,,
MULTIFAMILY,REAL_PAGE_PROPERTY_ATTRIBUTES,SUBMARKET,14,,YES,TEXT,255.0,,
MULTIFAMILY,REAL_PAGE_PROPERTY_ATTRIBUTES,COUNTY,15,,YES,TEXT,255.0,,
MULTIFAMILY,REAL_PAGE_PROPERTY_ATTRIBUTES,COUNTY_CODE,16,,YES,NUMBER,,38.0,0.0
MULTIFAMILY,REAL_PAGE_PROPERTY_ATTRIBUTES,TRACT_CODE,17,,YES,TEXT,255.0,,
MULTIFAMILY,REAL_PAGE_PROPERTY_ATTRIBUTES,CENSUS_BLOCK_ID,18,,YES,TEXT,255.0,,
MULTIFAMILY,REAL_PAGE_PROPERTY_ATTRIBUTES,FIPS_CODE,19,,YES,TEXT,255.0,,
MULTIFAMILY,REAL_PAGE_PROPERTY_ATTRIBUTES,YEAR_BUILT,20,,YES,NUMBER,,38.0,0.0
MULTIFAMILY,REAL_PAGE_PROPERTY_ATTRIBUTES,LAST_RENOVATION,21,,YES,NUMBER,,38.0,0.0
MULTIFAMILY,REAL_PAGE_PROPERTY_ATTRIBUTES,PROPERTY_OWNER,22,,YES,TEXT,255.0,,
MULTIFAMILY,REAL_PAGE_PROPERTY_ATTRIBUTES,MANAGEMENT,23,,YES,TEXT,255.0,,
MULTIFAMILY,REAL_PAGE_PROPERTY_ATTRIBUTES,TOTAL_UNITS,24,,YES,NUMBER,,38.0,0.0
MULTIFAMILY,REAL_PAGE_PROPERTY_ATTRIBUTES,MARKET_RATE_UNITS,25,,YES,NUMBER,,38.0,0.0
MULTIFAMILY,REAL_PAGE_PROPERTY_ATTRIBUTES,AVERAGE_UNIT_SIZE,26,,YES,NUMBER,,38.0,0.0
MULTIFAMILY,REAL_PAGE_PROPERTY_ATTRIBUTES,STORIES,27,,YES,NUMBER,,38.0,0.0
MULTIFAMILY,REAL_PAGE_PROPERTY_ATTRIBUTES,ASSET_CLASS_IN_MARKET,28,,YES,TEXT,5.0,,
MULTIFAMILY,REAL_PAGE_PROPERTY_ATTRIBUTES,ASSET_CLASS_IN_SUBMARKET,29,,YES,TEXT,5.0,,
MULTIFAMILY,REAL_PAGE_PROPERTY_ATTRIBUTES,PARKING_TYPE,30,,YES,TEXT,255.0,,
MULTIFAMILY,REAL_PAGE_PROPERTY_STATUS,PROPERTY_ID,1,,YES,NUMBER,,38.0,0.0
MULTIFAMILY,REAL_PAGE_PROPERTY_STATUS,DATE,2,,YES,DATE,,,
MULTIFAMILY,REAL_PAGE_PROPERTY_STATUS,PROPERTY_STATUS,3,,YES,TEXT,16777216.0,,
MULTIFAMILY,REAL_PAGE_RENTS,PROPERTY_ID,1,,YES,NUMBER,,38.0,0.0
MULTIFAMILY,REAL_PAGE_RENTS,DATE,2,,YES,DATE,,,
MULTIFAMILY,REAL_PAGE_RENTS,ASKING_RENT,3,,YES,FLOAT,,,
MULTIFAMILY,REAL_PAGE_RENTS,EFFECTIVE_RPSF,4,,YES,FLOAT,,,
MULTIFAMILY,REAL_PAGE_RENTS,EFFECTIVE_RENT,5,,YES,FLOAT,,,
SINGLE_FAMILY,REDFIN,PROPERTY_ID,1,,YES,TEXT,16777216.0,,
MULTIFAMILY,REDFIN,sale_type,1,,YES,TEXT,16777216.0,,
SINGLE_FAMILY,REDFIN,SALE_TYPE,2,,YES,TEXT,16777216.0,,
MULTIFAMILY,REDFIN,sold_date,2,,YES,TEXT,16777216.0,,
SINGLE_FAMILY,REDFIN,SOLD_DATE,3,,YES,DATE,,,
MULTIFAMILY,REDFIN,property_type,3,,YES,TEXT,16777216.0,,
SINGLE_FAMILY,REDFIN,PROPERTY_TYPE,4,,YES,TEXT,16777216.0,,
MULTIFAMILY,REDFIN,address,4,,YES,TEXT,16777216.0,,
MULTIFAMILY,REDFIN,city,5,,YES,TEXT,16777216.0,,
SINGLE_FAMILY,REDFIN,ADDRESS,5,,YES,TEXT,16777216.0,,
MULTIFAMILY,REDFIN,state_or_province,6,,YES,TEXT,16777216.0,,
SINGLE_FAMILY,REDFIN,CITY,6,,YES,TEXT,16777216.0,,
SINGLE_FAMILY,REDFIN,STATE,7,,YES,TEXT,16777216.0,,
MULTIFAMILY,REDFIN,zip_or_postal_code,7,,YES,FLOAT,,,
SINGLE_FAMILY,REDFIN,ZIPCODE,8,,YES,TEXT,16777216.0,,
MULTIFAMILY,REDFIN,price,8,,YES,FLOAT,,,
SINGLE_FAMILY,REDFIN,PRICE,9,,YES,FLOAT,,,
MULTIFAMILY,REDFIN,beds,9,,YES,FLOAT,,,
SINGLE_FAMILY,REDFIN,BEDS,10,,YES,FLOAT,,,
MULTIFAMILY,REDFIN,baths,10,,YES,FLOAT,,,
SINGLE_FAMILY,REDFIN,BATHS,11,,YES,FLOAT,,,
MULTIFAMILY,REDFIN,location,11,,YES,TEXT,16777216.0,,
MULTIFAMILY,REDFIN,square_feet,12,,YES,FLOAT,,,
SINGLE_FAMILY,REDFIN,LOCATION,12,,YES,TEXT,16777216.0,,
MULTIFAMILY,REDFIN,lot_size,13,,YES,FLOAT,,,
SINGLE_FAMILY,REDFIN,SIZE,13,,YES,FLOAT,,,
MULTIFAMILY,REDFIN,year_built,14,,YES,FLOAT,,,
SINGLE_FAMILY,REDFIN,LOT_SIZE,14,,YES,FLOAT,,,
MULTIFAMILY,REDFIN,days_on_market,15,,YES,FLOAT,,,
SINGLE_FAMILY,REDFIN,YEAR_BUILT,15,,YES,NUMBER,,38.0,0.0
SINGLE_FAMILY,REDFIN,DAYS_ON_MARKET,16,,YES,NUMBER,,38.0,0.0
MULTIFAMILY,REDFIN,$/square_feet,16,,YES,FLOAT,,,
MULTIFAMILY,REDFIN,hoa/month,17,,YES,FLOAT,,,
SINGLE_FAMILY,REDFIN,PRICE_PER_SQFT,17,,YES,NUMBER,,38.0,0.0
MULTIFAMILY,REDFIN,status,18,,YES,TEXT,16777216.0,,
SINGLE_FAMILY,REDFIN,HOA,18,,YES,NUMBER,,38.0,0.0
SINGLE_FAMILY,REDFIN,STATUS,19,,YES,TEXT,16777216.0,,
MULTIFAMILY,REDFIN,next_open_house_start_time,19,,YES,FLOAT,,,
MULTIFAMILY,REDFIN,next_open_house_end_time,20,,YES,FLOAT,,,
SINGLE_FAMILY,REDFIN,URL,20,,YES,TEXT,16777216.0,,
SINGLE_FAMILY,REDFIN,SOURCE,21,,YES,TEXT,16777216.0,,
MULTIFAMILY,REDFIN,url_(see_http://www.redfin.com/buy-a-home/comparative-market-analysis_for_info_on_pricing),21,,YES,TEXT,16777216.0,,
MULTIFAMILY,REDFIN,source,22,,YES,TEXT,16777216.0,,
SINGLE_FAMILY,REDFIN,MLS,22,,YES,TEXT,16777216.0,,
MULTIFAMILY,REDFIN,mls#,23,,YES,FLOAT,,,
SINGLE_FAMILY,REDFIN,FAVORITE,23,,YES,TEXT,16777216.0,,
SINGLE_FAMILY,REDFIN,INTERESTED,24,,YES,TEXT,16777216.0,,
MULTIFAMILY,REDFIN,favorite,24,,YES,TEXT,16777216.0,,
SINGLE_FAMILY,REDFIN,LATITUDE,25,,YES,FLOAT,,,
MULTIFAMILY,REDFIN,interested,25,,YES,TEXT,16777216.0,,
SINGLE_FAMILY,REDFIN,LONGITUDE,26,,YES,FLOAT,,,
MULTIFAMILY,REDFIN,latitude,26,,YES,FLOAT,,,
MULTIFAMILY,REDFIN,longitude,27,,YES,FLOAT,,,
SINGLE_FAMILY,REDFIN_NO_ID,PROPERTY_ID,1,,YES,TEXT,16777216.0,,
SINGLE_FAMILY,REDFIN_NO_ID,SALE_TYPE,2,,YES,TEXT,16777216.0,,
SINGLE_FAMILY,REDFIN_NO_ID,SOLD_DATE,3,,YES,DATE,,,
SINGLE_FAMILY,REDFIN_NO_ID,PROPERTY_TYPE,4,,YES,TEXT,16777216.0,,
SINGLE_FAMILY,REDFIN_NO_ID,ADDRESS,5,,YES,TEXT,16777216.0,,
SINGLE_FAMILY,REDFIN_NO_ID,CITY,6,,YES,TEXT,16777216.0,,
SINGLE_FAMILY,REDFIN_NO_ID,STATE,7,,YES,TEXT,16777216.0,,
SINGLE_FAMILY,REDFIN_NO_ID,ZIPCODE,8,,YES,TEXT,16777216.0,,
SINGLE_FAMILY,REDFIN_NO_ID,PRICE,9,,YES,FLOAT,,,
SINGLE_FAMILY,REDFIN_NO_ID,BEDS,10,,YES,FLOAT,,,
SINGLE_FAMILY,REDFIN_NO_ID,BATHS,11,,YES,FLOAT,,,
SINGLE_FAMILY,REDFIN_NO_ID,LOCATION,12,,YES,TEXT,16777216.0,,
SINGLE_FAMILY,REDFIN_NO_ID,SIZE,13,,YES,FLOAT,,,
SINGLE_FAMILY,REDFIN_NO_ID,LOT_SIZE,14,,YES,FLOAT,,,
SINGLE_FAMILY,REDFIN_NO_ID,YEAR_BUILT,15,,YES,NUMBER,,38.0,0.0
SINGLE_FAMILY,REDFIN_NO_ID,DAYS_ON_MARKET,16,,YES,NUMBER,,38.0,0.0
SINGLE_FAMILY,REDFIN_NO_ID,PRICE_PER_SQFT,17,,YES,NUMBER,,38.0,0.0
SINGLE_FAMILY,REDFIN_NO_ID,HOA,18,,YES,NUMBER,,38.0,0.0
SINGLE_FAMILY,REDFIN_NO_ID,STATUS,19,,YES,TEXT,16777216.0,,
SINGLE_FAMILY,REDFIN_NO_ID,URL,20,,YES,TEXT,16777216.0,,
SINGLE_FAMILY,REDFIN_NO_ID,SOURCE,21,,YES,TEXT,16777216.0,,
SINGLE_FAMILY,REDFIN_NO_ID,MLS,22,,YES,TEXT,16777216.0,,
SINGLE_FAMILY,REDFIN_NO_ID,FAVORITE,23,,YES,TEXT,16777216.0,,
SINGLE_FAMILY,REDFIN_NO_ID,INTERESTED,24,,YES,TEXT,16777216.0,,
SINGLE_FAMILY,REDFIN_NO_ID,LATITUDE,25,,YES,FLOAT,,,
SINGLE_FAMILY,REDFIN_NO_ID,LONGITUDE,26,,YES,FLOAT,,,
INFORMATION_SCHEMA,REFERENTIAL_CONSTRAINTS,CONSTRAINT_CATALOG,1,,NO,TEXT,16777216.0,,
INFORMATION_SCHEMA,REFERENTIAL_CONSTRAINTS,CONSTRAINT_SCHEMA,2,,NO,TEXT,16777216.0,,
INFORMATION_SCHEMA,REFERENTIAL_CONSTRAINTS,CONSTRAINT_NAME,3,,NO,TEXT,16777216.0,,
INFORMATION_SCHEMA,REFERENTIAL_CONSTRAINTS,UNIQUE_CONSTRAINT_CATALOG,4,,NO,TEXT,16777216.0,,
INFORMATION_SCHEMA,REFERENTIAL_CONSTRAINTS,UNIQUE_CONSTRAINT_SCHEMA,5,,NO,TEXT,16777216.0,,
INFORMATION_SCHEMA,REFERENTIAL_CONSTRAINTS,UNIQUE_CONSTRAINT_NAME,6,,NO,TEXT,16777216.0,,
INFORMATION_SCHEMA,REFERENTIAL_CONSTRAINTS,MATCH_OPTION,7,,NO,TEXT,16777216.0,,
INFORMATION_SCHEMA,REFERENTIAL_CONSTRAINTS,UPDATE_RULE,8,,NO,TEXT,16777216.0,,
INFORMATION_SCHEMA,REFERENTIAL_CONSTRAINTS,DELETE_RULE,9,,NO,TEXT,16777216.0,,
INFORMATION_SCHEMA,REFERENTIAL_CONSTRAINTS,COMMENT,10,,YES,TEXT,16777216.0,,
INFORMATION_SCHEMA,REFERENTIAL_CONSTRAINTS,CREATED,11,,YES,TIMESTAMP_LTZ,,,
INFORMATION_SCHEMA,REFERENTIAL_CONSTRAINTS,LAST_ALTERED,12,,YES,TIMESTAMP_LTZ,,,
SELF_STORAGE,RENT_ROLL_ALAMO_HEIGHTS,UNIT,1,,YES,TEXT,16777216.0,,
SELF_STORAGE,RENT_ROLL_ALAMO_HEIGHTS,RENTAL_TERM_START,2,,YES,DATE,,,
SELF_STORAGE,RENT_ROLL_ALAMO_HEIGHTS,PAID_THROUGH,3,,YES,DATE,,,
SELF_STORAGE,RENT_ROLL_ALAMO_HEIGHTS,RENTAL_RATE,4,,YES,FLOAT,,,
SELF_STORAGE,RENT_ROLL_ALAMO_HEIGHTS,FULL_PRICE_RATE,5,,YES,FLOAT,,,
SELF_STORAGE,RENT_ROLL_ALAMO_HEIGHTS,UNIT_SIZE,6,,YES,TEXT,16777216.0,,
SELF_STORAGE,RENT_ROLL_ALAMO_HEIGHTS,UNIT_TYPE,7,,YES,TEXT,16777216.0,,
SELF_STORAGE,RENT_ROLL_ALAMO_HEIGHTS,TENANT_NAME,8,,YES,TEXT,16777216.0,,
SELF_STORAGE,RENT_ROLL_ALAMO_HEIGHTS,AS_OF_DATE,9,,YES,DATE,,,
SELF_STORAGE,RENT_ROLL_APPLE_VALLEY,UNIT,1,,YES,TEXT,16777216.0,,
SELF_STORAGE,RENT_ROLL_APPLE_VALLEY,RENTAL_TERM_START,2,,YES,DATE,,,
SELF_STORAGE,RENT_ROLL_APPLE_VALLEY,PAID_THROUGH,3,,YES,DATE,,,
SELF_STORAGE,RENT_ROLL_APPLE_VALLEY,RENTAL_RATE,4,,YES,FLOAT,,,
SELF_STORAGE,RENT_ROLL_APPLE_VALLEY,FULL_PRICE_RATE,5,,YES,FLOAT,,,
SELF_STORAGE,RENT_ROLL_APPLE_VALLEY,UNIT_SIZE,6,,YES,TEXT,16777216.0,,
SELF_STORAGE,RENT_ROLL_APPLE_VALLEY,UNIT_TYPE,7,,YES,TEXT,16777216.0,,
SELF_STORAGE,RENT_ROLL_APPLE_VALLEY,TENANT_NAME,8,,YES,TEXT,16777216.0,,
SELF_STORAGE,RENT_ROLL_APPLE_VALLEY,AS_OF_DATE,9,,YES,DATE,,,
SELF_STORAGE,RENT_ROLL_ARLINGTON,UNIT,1,,YES,TEXT,16777216.0,,
SELF_STORAGE,RENT_ROLL_ARLINGTON,UNIT_SIZE,2,,YES,TEXT,16777216.0,,
SELF_STORAGE,RENT_ROLL_ARLINGTON,TENANT_NAME,3,,YES,TEXT,16777216.0,,
SELF_STORAGE,RENT_ROLL_ARLINGTON,RENTAL_TERM_START,4,,YES,DATE,,,
SELF_STORAGE,RENT_ROLL_ARLINGTON,FULL_PRICE_RATE,5,,YES,FLOAT,,,
SELF_STORAGE,RENT_ROLL_ARLINGTON,RENTAL_RATE,6,,YES,FLOAT,,,
SELF_STORAGE,RENT_ROLL_ARLINGTON,PAID_THROUGH,7,,YES,DATE,,,
SELF_STORAGE,RENT_ROLL_ARLINGTON,AS_OF_DATE,8,,YES,DATE,,,
SELF_STORAGE,RENT_ROLL_COLORADO_SPRINGS,UNIT,1,,YES,TEXT,16777216.0,,
SELF_STORAGE,RENT_ROLL_COLORADO_SPRINGS,RENTAL_TERM_START,2,,YES,DATE,,,
SELF_STORAGE,RENT_ROLL_COLORADO_SPRINGS,PAID_THROUGH,3,,YES,DATE,,,
SELF_STORAGE,RENT_ROLL_COLORADO_SPRINGS,RENTAL_RATE,4,,YES,FLOAT,,,
SELF_STORAGE,RENT_ROLL_COLORADO_SPRINGS,FULL_PRICE_RATE,5,,YES,FLOAT,,,
SELF_STORAGE,RENT_ROLL_COLORADO_SPRINGS,UNIT_SIZE,6,,YES,TEXT,16777216.0,,
SELF_STORAGE,RENT_ROLL_COLORADO_SPRINGS,UNIT_TYPE,7,,YES,TEXT,16777216.0,,
SELF_STORAGE,RENT_ROLL_COLORADO_SPRINGS,TENANT_NAME,8,,YES,TEXT,16777216.0,,
SELF_STORAGE,RENT_ROLL_COLORADO_SPRINGS,AS_OF_DATE,9,,YES,DATE,,,
SELF_STORAGE,RENT_ROLL_DENTON,UNIT,1,,YES,TEXT,16777216.0,,
SELF_STORAGE,RENT_ROLL_DENTON,UNIT_SIZE,2,,YES,TEXT,16777216.0,,
SELF_STORAGE,RENT_ROLL_DENTON,TENANT_NAME,3,,YES,TEXT,16777216.0,,
SELF_STORAGE,RENT_ROLL_DENTON,RENTAL_TERM_START,4,,YES,DATE,,,
SELF_STORAGE,RENT_ROLL_DENTON,FULL_PRICE_RATE,5,,YES,FLOAT,,,
SELF_STORAGE,RENT_ROLL_DENTON,RENTAL_RATE,6,,YES,FLOAT,,,
SELF_STORAGE,RENT_ROLL_DENTON,PAID_THROUGH,7,,YES,DATE,,,
SELF_STORAGE,RENT_ROLL_DENTON,AS_OF_DATE,8,,YES,DATE,,,
SELF_STORAGE,RENT_ROLL_HOLLYWOOD,UNIT,1,,YES,TEXT,16777216.0,,
SELF_STORAGE,RENT_ROLL_HOLLYWOOD,UNIT_SIZE,2,,YES,TEXT,16777216.0,,
SELF_STORAGE,RENT_ROLL_HOLLYWOOD,UNIT_TYPE,3,,YES,TEXT,16777216.0,,
SELF_STORAGE,RENT_ROLL_HOLLYWOOD,TENANT_NAME,4,,YES,TEXT,16777216.0,,
SELF_STORAGE,RENT_ROLL_HOLLYWOOD,RENTAL_TERM_START,5,,YES,DATE,,,
SELF_STORAGE,RENT_ROLL_HOLLYWOOD,PAID_THROUGH,6,,YES,DATE,,,
SELF_STORAGE,RENT_ROLL_HOLLYWOOD,RENTAL_RATE,7,,YES,FLOAT,,,
SELF_STORAGE,RENT_ROLL_HOLLYWOOD,AS_OF_DATE,8,,YES,DATE,,,
SELF_STORAGE,RENT_ROLL_LOVELAND,UNIT,1,,YES,TEXT,16777216.0,,
SELF_STORAGE,RENT_ROLL_LOVELAND,UNIT_SIZE,2,,YES,TEXT,16777216.0,,
SELF_STORAGE,RENT_ROLL_LOVELAND,TENANT_NAME,3,,YES,TEXT,16777216.0,,
SELF_STORAGE,RENT_ROLL_LOVELAND,RENTAL_TERM_START,4,,YES,DATE,,,
SELF_STORAGE,RENT_ROLL_LOVELAND,FULL_PRICE_RATE,5,,YES,FLOAT,,,
SELF_STORAGE,RENT_ROLL_LOVELAND,RENTAL_RATE,6,,YES,FLOAT,,,
SELF_STORAGE,RENT_ROLL_LOVELAND,PAID_THROUGH,7,,YES,DATE,,,
SELF_STORAGE,RENT_ROLL_LOVELAND,AS_OF_DATE,8,,YES,DATE,,,
SELF_STORAGE,RENT_ROLL_PALO_ALTO,UNIT,1,,YES,TEXT,16777216.0,,
SELF_STORAGE,RENT_ROLL_PALO_ALTO,UNIT_SIZE,2,,YES,TEXT,16777216.0,,
SELF_STORAGE,RENT_ROLL_PALO_ALTO,TENANT_NAME,3,,YES,TEXT,16777216.0,,
SELF_STORAGE,RENT_ROLL_PALO_ALTO,RENTAL_TERM_START,4,,YES,DATE,,,
SELF_STORAGE,RENT_ROLL_PALO_ALTO,FULL_PRICE_RATE,5,,YES,FLOAT,,,
SELF_STORAGE,RENT_ROLL_PALO_ALTO,RENTAL_RATE,6,,YES,FLOAT,,,
SELF_STORAGE,RENT_ROLL_PALO_ALTO,PAID_THROUGH,7,,YES,DATE,,,
SELF_STORAGE,RENT_ROLL_PALO_ALTO,AS_OF_DATE,8,,YES,DATE,,,
SELF_STORAGE,RENT_ROLL_PETALUMA,UNIT,1,,YES,TEXT,16777216.0,,
SELF_STORAGE,RENT_ROLL_PETALUMA,UNIT_SIZE,2,,YES,TEXT,16777216.0,,
SELF_STORAGE,RENT_ROLL_PETALUMA,BUSINESS_NAME,3,,YES,TEXT,16777216.0,,
SELF_STORAGE,RENT_ROLL_PETALUMA,FIRST_NAME,4,,YES,TEXT,16777216.0,,
SELF_STORAGE,RENT_ROLL_PETALUMA,MIDDLE_NAME,5,,YES,TEXT,16777216.0,,
SELF_STORAGE,RENT_ROLL_PETALUMA,LAST_NAME,6,,YES,TEXT,16777216.0,,
SELF_STORAGE,RENT_ROLL_PETALUMA,ACCOUNT_ID,7,,YES,TEXT,16777216.0,,
SELF_STORAGE,RENT_ROLL_PETALUMA,RENTAL_TERM_START,8,,YES,DATE,,,
SELF_STORAGE,RENT_ROLL_PETALUMA,PAID_THROUGH,9,,YES,DATE,,,
SELF_STORAGE,RENT_ROLL_PETALUMA,RENTAL_RATE,10,,YES,FLOAT,,,
SELF_STORAGE,RENT_ROLL_PETALUMA,INSURANCE_PREMIUM,11,,YES,FLOAT,,,
SELF_STORAGE,RENT_ROLL_PETALUMA,AS_OF_DATE,12,,YES,DATE,,,
SELF_STORAGE,RENT_ROLL_ROCHESTER,UNIT,1,,YES,TEXT,16777216.0,,
SELF_STORAGE,RENT_ROLL_ROCHESTER,RENTAL_TERM_START,2,,YES,DATE,,,
SELF_STORAGE,RENT_ROLL_ROCHESTER,PAID_THROUGH,3,,YES,DATE,,,
SELF_STORAGE,RENT_ROLL_ROCHESTER,RENTAL_RATE,4,,YES,FLOAT,,,
SELF_STORAGE,RENT_ROLL_ROCHESTER,FULL_PRICE_RATE,5,,YES,FLOAT,,,
SELF_STORAGE,RENT_ROLL_ROCHESTER,UNIT_SIZE,6,,YES,TEXT,16777216.0,,
SELF_STORAGE,RENT_ROLL_ROCHESTER,UNIT_TYPE,7,,YES,TEXT,16777216.0,,
SELF_STORAGE,RENT_ROLL_ROCHESTER,TENANT_NAME,8,,YES,TEXT,16777216.0,,
SELF_STORAGE,RENT_ROLL_ROCHESTER,AS_OF_DATE,9,,YES,DATE,,,
INFORMATION_SCHEMA,REPLICATION_DATABASES,REGION_GROUP,1,,NO,TEXT,16777216.0,,
INFORMATION_SCHEMA,REPLICATION_DATABASES,SNOWFLAKE_REGION,2,,NO,TEXT,16777216.0,,
INFORMATION_SCHEMA,REPLICATION_DATABASES,ACCOUNT_NAME,3,,NO,TEXT,16777216.0,,
INFORMATION_SCHEMA,REPLICATION_DATABASES,DATABASE_NAME,4,,NO,TEXT,16777216.0,,
INFORMATION_SCHEMA,REPLICATION_DATABASES,COMMENT,5,,YES,TEXT,16777216.0,,
INFORMATION_SCHEMA,REPLICATION_DATABASES,CREATED,6,,YES,TIMESTAMP_LTZ,,,
INFORMATION_SCHEMA,REPLICATION_DATABASES,IS_PRIMARY,7,,NO,BOOLEAN,,,
INFORMATION_SCHEMA,REPLICATION_DATABASES,PRIMARY,8,,NO,TEXT,16777216.0,,
INFORMATION_SCHEMA,REPLICATION_DATABASES,REPLICATION_ALLOWED_TO_ACCOUNTS,9,,NO,TEXT,16777216.0,,
INFORMATION_SCHEMA,REPLICATION_DATABASES,FAILOVER_ALLOWED_TO_ACCOUNTS,10,,NO,TEXT,16777216.0,,
INFORMATION_SCHEMA,REPLICATION_GROUPS,REGION_GROUP,1,,NO,TEXT,16777216.0,,
INFORMATION_SCHEMA,REPLICATION_GROUPS,SNOWFLAKE_REGION,2,,NO,TEXT,16777216.0,,
INFORMATION_SCHEMA,REPLICATION_GROUPS,CREATED_ON,3,,YES,TIMESTAMP_LTZ,,,
INFORMATION_SCHEMA,REPLICATION_GROUPS,ACCOUNT_NAME,4,,NO,TEXT,16777216.0,,
INFORMATION_SCHEMA,REPLICATION_GROUPS,NAME,5,,NO,TEXT,16777216.0,,
INFORMATION_SCHEMA,REPLICATION_GROUPS,TYPE,6,,NO,TEXT,16777216.0,,
INFORMATION_SCHEMA,REPLICATION_GROUPS,COMMENT,7,,YES,TEXT,16777216.0,,
INFORMATION_SCHEMA,REPLICATION_GROUPS,IS_PRIMARY,8,,NO,BOOLEAN,,,
INFORMATION_SCHEMA,REPLICATION_GROUPS,PRIMARY,9,,NO,TEXT,16777216.0,,
INFORMATION_SCHEMA,REPLICATION_GROUPS,OBJECT_TYPES,10,,NO,TEXT,16777216.0,,
INFORMATION_SCHEMA,REPLICATION_GROUPS,ALLOWED_INTEGRATION_TYPES,11,,NO,TEXT,16777216.0,,
INFORMATION_SCHEMA,REPLICATION_GROUPS,ALLOWED_ACCOUNTS,12,,NO,TEXT,16777216.0,,
INFORMATION_SCHEMA,REPLICATION_GROUPS,ORGANIZATION_NAME,13,,NO,TEXT,16777216.0,,
INFORMATION_SCHEMA,REPLICATION_GROUPS,ACCOUNT_LOCATOR,14,,NO,TEXT,16777216.0,,
INFORMATION_SCHEMA,REPLICATION_GROUPS,REPLICATION_SCHEDULE,15,,YES,TEXT,16777216.0,,
INFORMATION_SCHEMA,REPLICATION_GROUPS,SECONDARY_STATE,16,,YES,TEXT,16777216.0,,
INFORMATION_SCHEMA,REPLICATION_GROUPS,NEXT_SCHEDULED_REFRESH,17,,YES,TIMESTAMP_LTZ,,,
INFORMATION_SCHEMA,REPLICATION_GROUPS,OWNER,18,,YES,TEXT,16777216.0,,
INFORMATION_SCHEMA,REPLICATION_GROUPS,IS_LISTING_AUTO_FULFILLMENT_GROUP,19,,NO,BOOLEAN,,,
YELP,REVIEW,BUSINESS_ID,1,,YES,TEXT,16777216.0,,
YELP,REVIEW,USER_ID,2,,YES,TEXT,16777216.0,,
YELP,REVIEW,REVIEW_ID,3,,YES,TEXT,16777216.0,,
YELP,REVIEW,DATE,4,,YES,DATE,,,
YELP,REVIEW,STARS,5,,YES,TEXT,16777216.0,,
YELP,REVIEW,COOL,6,,YES,NUMBER,,38.0,0.0
YELP,REVIEW,FUNNY,7,,YES,NUMBER,,38.0,0.0
YELP,REVIEW,USEFUL,8,,YES,NUMBER,,38.0,0.0
YELP,REVIEW,REVIEW,9,,YES,TEXT,16777216.0,,
SELF_STORAGE,RU_DATA_LOAD_CONTROL,LAST_LOAD_TIME,1,,YES,TIMESTAMP_NTZ,,,
INFORMATION_SCHEMA,SCHEMATA,CATALOG_NAME,1,,NO,TEXT,16777216.0,,
INFORMATION_SCHEMA,SCHEMATA,SCHEMA_NAME,2,,NO,TEXT,16777216.0,,
INFORMATION_SCHEMA,SCHEMATA,SCHEMA_OWNER,3,,NO,TEXT,16777216.0,,
INFORMATION_SCHEMA,SCHEMATA,IS_TRANSIENT,4,,YES,TEXT,3.0,,
INFORMATION_SCHEMA,SCHEMATA,IS_MANAGED_ACCESS,5,,YES,TEXT,3.0,,
INFORMATION_SCHEMA,SCHEMATA,RETENTION_TIME,6,,YES,NUMBER,,9.0,0.0
INFORMATION_SCHEMA,SCHEMATA,DEFAULT_CHARACTER_SET_CATALOG,7,,YES,TEXT,16777216.0,,
INFORMATION_SCHEMA,SCHEMATA,DEFAULT_CHARACTER_SET_SCHEMA,8,,YES,TEXT,16777216.0,,
INFORMATION_SCHEMA,SCHEMATA,DEFAULT_CHARACTER_SET_NAME,9,,YES,TEXT,16777216.0,,
INFORMATION_SCHEMA,SCHEMATA,SQL_PATH,10,,YES,TEXT,16777216.0,,
INFORMATION_SCHEMA,SCHEMATA,CREATED,11,,YES,TIMESTAMP_LTZ,,,
INFORMATION_SCHEMA,SCHEMATA,LAST_ALTERED,12,,YES,TIMESTAMP_LTZ,,,
INFORMATION_SCHEMA,SCHEMATA,COMMENT,13,,YES,TEXT,16777216.0,,
INFORMATION_SCHEMA,SEQUENCES,SEQUENCE_CATALOG,1,,NO,TEXT,16777216.0,,
INFORMATION_SCHEMA,SEQUENCES,SEQUENCE_SCHEMA,2,,NO,TEXT,16777216.0,,
INFORMATION_SCHEMA,SEQUENCES,SEQUENCE_NAME,3,,NO,TEXT,16777216.0,,
INFORMATION_SCHEMA,SEQUENCES,SEQUENCE_OWNER,4,,NO,TEXT,16777216.0,,
INFORMATION_SCHEMA,SEQUENCES,DATA_TYPE,5,,NO,TEXT,16777216.0,,
INFORMATION_SCHEMA,SEQUENCES,NUMERIC_PRECISION,6,,NO,NUMBER,,9.0,0.0
INFORMATION_SCHEMA,SEQUENCES,NUMERIC_PRECISION_RADIX,7,,NO,NUMBER,,9.0,0.0
INFORMATION_SCHEMA,SEQUENCES,NUMERIC_SCALE,8,,NO,NUMBER,,9.0,0.0
INFORMATION_SCHEMA,SEQUENCES,START_VALUE,9,,YES,TEXT,16777216.0,,
INFORMATION_SCHEMA,SEQUENCES,MINIMUM_VALUE,10,,YES,TEXT,16777216.0,,
INFORMATION_SCHEMA,SEQUENCES,MAXIMUM_VALUE,11,,YES,TEXT,16777216.0,,
INFORMATION_SCHEMA,SEQUENCES,NEXT_VALUE,12,,YES,TEXT,16777216.0,,
INFORMATION_SCHEMA,SEQUENCES,INCREMENT,13,,YES,TEXT,16777216.0,,
INFORMATION_SCHEMA,SEQUENCES,CYCLE_OPTION,14,,YES,TEXT,3.0,,
INFORMATION_SCHEMA,SEQUENCES,CREATED,15,,YES,TIMESTAMP_LTZ,,,
INFORMATION_SCHEMA,SEQUENCES,LAST_ALTERED,16,,YES,TIMESTAMP_LTZ,,,
INFORMATION_SCHEMA,SEQUENCES,ORDERED,17,,YES,TEXT,3.0,,
INFORMATION_SCHEMA,SEQUENCES,COMMENT,18,,YES,TEXT,16777216.0,,
INFORMATION_SCHEMA,STAGES,STAGE_CATALOG,1,,NO,TEXT,16777216.0,,
INFORMATION_SCHEMA,STAGES,STAGE_SCHEMA,2,,NO,TEXT,16777216.0,,
INFORMATION_SCHEMA,STAGES,STAGE_NAME,3,,NO,TEXT,16777216.0,,
INFORMATION_SCHEMA,STAGES,STAGE_URL,4,,YES,TEXT,16777216.0,,
INFORMATION_SCHEMA,STAGES,STAGE_REGION,5,,YES,TEXT,16777216.0,,
INFORMATION_SCHEMA,STAGES,STAGE_TYPE,6,,YES,TEXT,16777216.0,,
INFORMATION_SCHEMA,STAGES,STAGE_OWNER,7,,YES,TEXT,16777216.0,,
INFORMATION_SCHEMA,STAGES,COMMENT,8,,YES,TEXT,16777216.0,,
INFORMATION_SCHEMA,STAGES,CREATED,9,,YES,TIMESTAMP_LTZ,,,
INFORMATION_SCHEMA,STAGES,LAST_ALTERED,10,,YES,TIMESTAMP_LTZ,,,
INFORMATION_SCHEMA,STAGES,ENDPOINT,11,,YES,TEXT,16777216.0,,
INFORMATION_SCHEMA,STAGES,DIRECTORY_ENABLED,12,,YES,BOOLEAN,,,
INFORMATION_SCHEMA,STREAMLITS,STREAMLIT_CATALOG,1,,NO,TEXT,16777216.0,,
INFORMATION_SCHEMA,STREAMLITS,STREAMLIT_SCHEMA,2,,NO,TEXT,16777216.0,,
INFORMATION_SCHEMA,STREAMLITS,STREAMLIT_NAME,3,,NO,TEXT,16777216.0,,
INFORMATION_SCHEMA,STREAMLITS,STREAMLIT_OWNER,4,,YES,TEXT,16777216.0,,
INFORMATION_SCHEMA,STREAMLITS,STREAMLIT_ROOT_LOCATION,5,,YES,TEXT,16777216.0,,
INFORMATION_SCHEMA,STREAMLITS,STREAMLIT_MAIN_FILE,6,,YES,TEXT,16777216.0,,
INFORMATION_SCHEMA,STREAMLITS,STREAMLIT_QUERY_WAREHOUSE,7,,YES,TEXT,16777216.0,,
INFORMATION_SCHEMA,STREAMLITS,STREAMLIT_URL_ID,8,,YES,TEXT,16777216.0,,
INFORMATION_SCHEMA,STREAMLITS,CREATED,9,,YES,TIMESTAMP_LTZ,,,
INFORMATION_SCHEMA,STREAMLITS,LAST_ALTERED,10,,YES,TIMESTAMP_LTZ,,,
INFORMATION_SCHEMA,STREAMLITS,COMMENT,11,,YES,TEXT,16777216.0,,
INFORMATION_SCHEMA,STREAMLITS,STREAMLIT_TITLE,12,,YES,TEXT,16777216.0,,
INFORMATION_SCHEMA,TABLES,TABLE_CATALOG,1,,NO,TEXT,16777216.0,,
INFORMATION_SCHEMA,TABLES,TABLE_SCHEMA,2,,NO,TEXT,16777216.0,,
INFORMATION_SCHEMA,TABLES,TABLE_NAME,3,,NO,TEXT,16777216.0,,
INFORMATION_SCHEMA,TABLES,TABLE_OWNER,4,,NO,TEXT,16777216.0,,
INFORMATION_SCHEMA,TABLES,TABLE_TYPE,5,,NO,TEXT,16777216.0,,
INFORMATION_SCHEMA,TABLES,IS_TRANSIENT,6,,YES,TEXT,3.0,,
INFORMATION_SCHEMA,TABLES,CLUSTERING_KEY,7,,YES,TEXT,16777216.0,,
INFORMATION_SCHEMA,TABLES,ROW_COUNT,8,,YES,NUMBER,,38.0,0.0
INFORMATION_SCHEMA,TABLES,BYTES,9,,YES,NUMBER,,38.0,0.0
INFORMATION_SCHEMA,TABLES,RETENTION_TIME,10,,YES,NUMBER,,9.0,0.0
INFORMATION_SCHEMA,TABLES,SELF_REFERENCING_COLUMN_NAME,11,,YES,TEXT,16777216.0,,
INFORMATION_SCHEMA,TABLES,REFERENCE_GENERATION,12,,YES,TEXT,16777216.0,,
INFORMATION_SCHEMA,TABLES,USER_DEFINED_TYPE_CATALOG,13,,YES,TEXT,16777216.0,,
INFORMATION_SCHEMA,TABLES,USER_DEFINED_TYPE_SCHEMA,14,,YES,TEXT,16777216.0,,
INFORMATION_SCHEMA,TABLES,USER_DEFINED_TYPE_NAME,15,,YES,TEXT,16777216.0,,
INFORMATION_SCHEMA,TABLES,IS_INSERTABLE_INTO,16,,YES,TEXT,3.0,,
INFORMATION_SCHEMA,TABLES,IS_TYPED,17,,YES,TEXT,3.0,,
INFORMATION_SCHEMA,TABLES,COMMIT_ACTION,18,,YES,TEXT,16777216.0,,
INFORMATION_SCHEMA,TABLES,CREATED,19,,YES,TIMESTAMP_LTZ,,,
INFORMATION_SCHEMA,TABLES,LAST_ALTERED,20,,YES,TIMESTAMP_LTZ,,,
INFORMATION_SCHEMA,TABLES,LAST_DDL,21,,YES,TIMESTAMP_LTZ,,,
INFORMATION_SCHEMA,TABLES,LAST_DDL_BY,22,,YES,TEXT,16777216.0,,
INFORMATION_SCHEMA,TABLES,AUTO_CLUSTERING_ON,23,,YES,TEXT,3.0,,
INFORMATION_SCHEMA,TABLES,COMMENT,24,,YES,TEXT,16777216.0,,
INFORMATION_SCHEMA,TABLES,IS_TEMPORARY,25,,YES,TEXT,3.0,,
INFORMATION_SCHEMA,TABLES,IS_ICEBERG,26,,YES,TEXT,3.0,,
INFORMATION_SCHEMA,TABLES,IS_DYNAMIC,27,,YES,TEXT,3.0,,
INFORMATION_SCHEMA,TABLES,IS_IMMUTABLE,28,,YES,TEXT,3.0,,
INFORMATION_SCHEMA,TABLE_CONSTRAINTS,CONSTRAINT_CATALOG,1,,NO,TEXT,16777216.0,,
INFORMATION_SCHEMA,TABLE_CONSTRAINTS,CONSTRAINT_SCHEMA,2,,NO,TEXT,16777216.0,,
INFORMATION_SCHEMA,TABLE_CONSTRAINTS,CONSTRAINT_NAME,3,,NO,TEXT,16777216.0,,
INFORMATION_SCHEMA,TABLE_CONSTRAINTS,TABLE_CATALOG,4,,NO,TEXT,16777216.0,,
INFORMATION_SCHEMA,TABLE_CONSTRAINTS,TABLE_SCHEMA,5,,NO,TEXT,16777216.0,,
INFORMATION_SCHEMA,TABLE_CONSTRAINTS,TABLE_NAME,6,,NO,TEXT,16777216.0,,
INFORMATION_SCHEMA,TABLE_CONSTRAINTS,CONSTRAINT_TYPE,7,,NO,TEXT,16777216.0,,
INFORMATION_SCHEMA,TABLE_CONSTRAINTS,IS_DEFERRABLE,8,,YES,TEXT,3.0,,
INFORMATION_SCHEMA,TABLE_CONSTRAINTS,INITIALLY_DEFERRED,9,,YES,TEXT,3.0,,
INFORMATION_SCHEMA,TABLE_CONSTRAINTS,ENFORCED,10,,YES,TEXT,3.0,,
INFORMATION_SCHEMA,TABLE_CONSTRAINTS,COMMENT,11,,YES,TEXT,16777216.0,,
INFORMATION_SCHEMA,TABLE_CONSTRAINTS,CREATED,12,,YES,TIMESTAMP_LTZ,,,
INFORMATION_SCHEMA,TABLE_CONSTRAINTS,LAST_ALTERED,13,,YES,TIMESTAMP_LTZ,,,
INFORMATION_SCHEMA,TABLE_CONSTRAINTS,RELY,14,,YES,TEXT,3.0,,
INFORMATION_SCHEMA,TABLE_PRIVILEGES,GRANTOR,1,,NO,TEXT,16777216.0,,
INFORMATION_SCHEMA,TABLE_PRIVILEGES,GRANTEE,2,,NO,TEXT,16777216.0,,
INFORMATION_SCHEMA,TABLE_PRIVILEGES,TABLE_CATALOG,3,,NO,TEXT,16777216.0,,
INFORMATION_SCHEMA,TABLE_PRIVILEGES,TABLE_SCHEMA,4,,NO,TEXT,16777216.0,,
INFORMATION_SCHEMA,TABLE_PRIVILEGES,TABLE_NAME,5,,NO,TEXT,16777216.0,,
INFORMATION_SCHEMA,TABLE_PRIVILEGES,PRIVILEGE_TYPE,6,,NO,TEXT,16777216.0,,
INFORMATION_SCHEMA,TABLE_PRIVILEGES,IS_GRANTABLE,7,,YES,TEXT,3.0,,
INFORMATION_SCHEMA,TABLE_PRIVILEGES,WITH_HIERARCHY,8,,YES,TEXT,3.0,,
INFORMATION_SCHEMA,TABLE_PRIVILEGES,CREATED,9,,YES,TIMESTAMP_LTZ,,,
INFORMATION_SCHEMA,TABLE_STORAGE_METRICS,TABLE_CATALOG,1,,YES,TEXT,16777216.0,,
INFORMATION_SCHEMA,TABLE_STORAGE_METRICS,TABLE_SCHEMA,2,,YES,TEXT,16777216.0,,
INFORMATION_SCHEMA,TABLE_STORAGE_METRICS,TABLE_NAME,3,,YES,TEXT,16777216.0,,
INFORMATION_SCHEMA,TABLE_STORAGE_METRICS,ID,4,,NO,NUMBER,,9.0,0.0
INFORMATION_SCHEMA,TABLE_STORAGE_METRICS,CLONE_GROUP_ID,5,,NO,NUMBER,,9.0,0.0
INFORMATION_SCHEMA,TABLE_STORAGE_METRICS,IS_TRANSIENT,6,,YES,TEXT,3.0,,
INFORMATION_SCHEMA,TABLE_STORAGE_METRICS,ACTIVE_BYTES,7,,NO,NUMBER,,9.0,0.0
INFORMATION_SCHEMA,TABLE_STORAGE_METRICS,TIME_TRAVEL_BYTES,8,,NO,NUMBER,,9.0,0.0
INFORMATION_SCHEMA,TABLE_STORAGE_METRICS,FAILSAFE_BYTES,9,,NO,NUMBER,,9.0,0.0
INFORMATION_SCHEMA,TABLE_STORAGE_METRICS,RETAINED_FOR_CLONE_BYTES,10,,NO,NUMBER,,9.0,0.0
INFORMATION_SCHEMA,TABLE_STORAGE_METRICS,TABLE_CREATED,11,,YES,TIMESTAMP_LTZ,,,
INFORMATION_SCHEMA,TABLE_STORAGE_METRICS,TABLE_DROPPED,12,,YES,TIMESTAMP_LTZ,,,
INFORMATION_SCHEMA,TABLE_STORAGE_METRICS,TABLE_ENTERED_FAILSAFE,13,,YES,TIMESTAMP_LTZ,,,
INFORMATION_SCHEMA,TABLE_STORAGE_METRICS,CATALOG_CREATED,14,,YES,TIMESTAMP_LTZ,,,
INFORMATION_SCHEMA,TABLE_STORAGE_METRICS,CATALOG_DROPPED,15,,YES,TIMESTAMP_LTZ,,,
INFORMATION_SCHEMA,TABLE_STORAGE_METRICS,SCHEMA_CREATED,16,,YES,TIMESTAMP_LTZ,,,
INFORMATION_SCHEMA,TABLE_STORAGE_METRICS,SCHEMA_DROPPED,17,,YES,TIMESTAMP_LTZ,,,
INFORMATION_SCHEMA,TABLE_STORAGE_METRICS,COMMENT,18,,YES,TEXT,16777216.0,,
SINGLE_FAMILY,TEMP_REDFIN,property_id,1,,YES,TEXT,16777216.0,,
SINGLE_FAMILY,TEMP_REDFIN,sale_type,2,,YES,TEXT,16777216.0,,
SINGLE_FAMILY,TEMP_REDFIN,sold_date,3,,YES,TIMESTAMP_NTZ,,,
SINGLE_FAMILY,TEMP_REDFIN,property_type,4,,YES,TEXT,16777216.0,,
SINGLE_FAMILY,TEMP_REDFIN,address,5,,YES,TEXT,16777216.0,,
SINGLE_FAMILY,TEMP_REDFIN,city,6,,YES,TEXT,16777216.0,,
SINGLE_FAMILY,TEMP_REDFIN,state,7,,YES,TEXT,16777216.0,,
SINGLE_FAMILY,TEMP_REDFIN,zipcode,8,,YES,TEXT,16777216.0,,
SINGLE_FAMILY,TEMP_REDFIN,price,9,,YES,FLOAT,,,
SINGLE_FAMILY,TEMP_REDFIN,beds,10,,YES,FLOAT,,,
SINGLE_FAMILY,TEMP_REDFIN,baths,11,,YES,FLOAT,,,
SINGLE_FAMILY,TEMP_REDFIN,location,12,,YES,TEXT,16777216.0,,
SINGLE_FAMILY,TEMP_REDFIN,size,13,,YES,FLOAT,,,
SINGLE_FAMILY,TEMP_REDFIN,lot_size,14,,YES,FLOAT,,,
SINGLE_FAMILY,TEMP_REDFIN,year_built,15,,YES,NUMBER,,38.0,0.0
SINGLE_FAMILY,TEMP_REDFIN,days_on_market,16,,YES,FLOAT,,,
SINGLE_FAMILY,TEMP_REDFIN,price_per_sqft,17,,YES,FLOAT,,,
SINGLE_FAMILY,TEMP_REDFIN,hoa,18,,YES,NUMBER,,38.0,0.0
SINGLE_FAMILY,TEMP_REDFIN,status,19,,YES,TEXT,16777216.0,,
SINGLE_FAMILY,TEMP_REDFIN,url,20,,YES,TEXT,16777216.0,,
SINGLE_FAMILY,TEMP_REDFIN,source,21,,YES,TEXT,16777216.0,,
SINGLE_FAMILY,TEMP_REDFIN,mls,22,,YES,TEXT,16777216.0,,
SINGLE_FAMILY,TEMP_REDFIN,favorite,23,,YES,TEXT,16777216.0,,
SINGLE_FAMILY,TEMP_REDFIN,interested,24,,YES,TEXT,16777216.0,,
SINGLE_FAMILY,TEMP_REDFIN,latitude,25,,YES,FLOAT,,,
SINGLE_FAMILY,TEMP_REDFIN,longitude,26,,YES,FLOAT,,,
SINGLE_FAMILY,TEST_REDFIN,PROPERTY_ID,1,,YES,TEXT,16777216.0,,
SINGLE_FAMILY,TEST_REDFIN,SALE_TYPE,2,,YES,TEXT,16777216.0,,
SINGLE_FAMILY,TEST_REDFIN,SOLD_DATE,3,,YES,DATE,,,
SINGLE_FAMILY,TEST_REDFIN,PROPERTY_TYPE,4,,YES,TEXT,16777216.0,,
SINGLE_FAMILY,TEST_REDFIN,ADDRESS,5,,YES,TEXT,16777216.0,,
SINGLE_FAMILY,TEST_REDFIN,CITY,6,,YES,TEXT,16777216.0,,
SINGLE_FAMILY,TEST_REDFIN,STATE,7,,YES,TEXT,16777216.0,,
SINGLE_FAMILY,TEST_REDFIN,ZIPCODE,8,,YES,TEXT,16777216.0,,
SINGLE_FAMILY,TEST_REDFIN,PRICE,9,,YES,FLOAT,,,
SINGLE_FAMILY,TEST_REDFIN,BEDS,10,,YES,FLOAT,,,
SINGLE_FAMILY,TEST_REDFIN,BATHS,11,,YES,FLOAT,,,
SINGLE_FAMILY,TEST_REDFIN,LOCATION,12,,YES,TEXT,16777216.0,,
SINGLE_FAMILY,TEST_REDFIN,SIZE,13,,YES,FLOAT,,,
SINGLE_FAMILY,TEST_REDFIN,LOT_SIZE,14,,YES,FLOAT,,,
SINGLE_FAMILY,TEST_REDFIN,YEAR_BUILT,15,,YES,NUMBER,,38.0,0.0
SINGLE_FAMILY,TEST_REDFIN,DAYS_ON_MARKET,16,,YES,NUMBER,,38.0,0.0
SINGLE_FAMILY,TEST_REDFIN,PRICE_PER_SQFT,17,,YES,NUMBER,,38.0,0.0
SINGLE_FAMILY,TEST_REDFIN,HOA,18,,YES,NUMBER,,38.0,0.0
SINGLE_FAMILY,TEST_REDFIN,STATUS,19,,YES,TEXT,16777216.0,,
SINGLE_FAMILY,TEST_REDFIN,URL,20,,YES,TEXT,16777216.0,,
SINGLE_FAMILY,TEST_REDFIN,SOURCE,21,,YES,TEXT,16777216.0,,
SINGLE_FAMILY,TEST_REDFIN,MLS,22,,YES,TEXT,16777216.0,,
SINGLE_FAMILY,TEST_REDFIN,FAVORITE,23,,YES,TEXT,16777216.0,,
SINGLE_FAMILY,TEST_REDFIN,INTERESTED,24,,YES,TEXT,16777216.0,,
SINGLE_FAMILY,TEST_REDFIN,LATITUDE,25,,YES,FLOAT,,,
SINGLE_FAMILY,TEST_REDFIN,LONGITUDE,26,,YES,FLOAT,,,
SINGLE_FAMILY,TEST_REDFIN_NO_ID,PROPERTY_ID,1,,YES,TEXT,16777216.0,,
SINGLE_FAMILY,TEST_REDFIN_NO_ID,SALE_TYPE,2,,YES,TEXT,16777216.0,,
SINGLE_FAMILY,TEST_REDFIN_NO_ID,SOLD_DATE,3,,YES,DATE,,,
SINGLE_FAMILY,TEST_REDFIN_NO_ID,PROPERTY_TYPE,4,,YES,TEXT,16777216.0,,
SINGLE_FAMILY,TEST_REDFIN_NO_ID,ADDRESS,5,,YES,TEXT,16777216.0,,
SINGLE_FAMILY,TEST_REDFIN_NO_ID,CITY,6,,YES,TEXT,16777216.0,,
SINGLE_FAMILY,TEST_REDFIN_NO_ID,STATE,7,,YES,TEXT,16777216.0,,
SINGLE_FAMILY,TEST_REDFIN_NO_ID,ZIPCODE,8,,YES,TEXT,16777216.0,,
SINGLE_FAMILY,TEST_REDFIN_NO_ID,PRICE,9,,YES,FLOAT,,,
SINGLE_FAMILY,TEST_REDFIN_NO_ID,BEDS,10,,YES,FLOAT,,,
SINGLE_FAMILY,TEST_REDFIN_NO_ID,BATHS,11,,YES,FLOAT,,,
SINGLE_FAMILY,TEST_REDFIN_NO_ID,LOCATION,12,,YES,TEXT,16777216.0,,
SINGLE_FAMILY,TEST_REDFIN_NO_ID,SIZE,13,,YES,FLOAT,,,
SINGLE_FAMILY,TEST_REDFIN_NO_ID,LOT_SIZE,14,,YES,FLOAT,,,
SINGLE_FAMILY,TEST_REDFIN_NO_ID,YEAR_BUILT,15,,YES,NUMBER,,38.0,0.0
SINGLE_FAMILY,TEST_REDFIN_NO_ID,DAYS_ON_MARKET,16,,YES,NUMBER,,38.0,0.0
SINGLE_FAMILY,TEST_REDFIN_NO_ID,PRICE_PER_SQFT,17,,YES,NUMBER,,38.0,0.0
SINGLE_FAMILY,TEST_REDFIN_NO_ID,HOA,18,,YES,NUMBER,,38.0,0.0
SINGLE_FAMILY,TEST_REDFIN_NO_ID,STATUS,19,,YES,TEXT,16777216.0,,
SINGLE_FAMILY,TEST_REDFIN_NO_ID,URL,20,,YES,TEXT,16777216.0,,
SINGLE_FAMILY,TEST_REDFIN_NO_ID,SOURCE,21,,YES,TEXT,16777216.0,,
SINGLE_FAMILY,TEST_REDFIN_NO_ID,MLS,22,,YES,TEXT,16777216.0,,
SINGLE_FAMILY,TEST_REDFIN_NO_ID,FAVORITE,23,,YES,TEXT,16777216.0,,
SINGLE_FAMILY,TEST_REDFIN_NO_ID,INTERESTED,24,,YES,TEXT,16777216.0,,
SINGLE_FAMILY,TEST_REDFIN_NO_ID,LATITUDE,25,,YES,FLOAT,,,
SINGLE_FAMILY,TEST_REDFIN_NO_ID,LONGITUDE,26,,YES,FLOAT,,,
SELF_STORAGE,TRANSIENT_RU,FACILITY_ID,1,,YES,NUMBER,,38.0,0.0
PUBLIC,TRANSIENT_RU,FACILITY_ID,1,,YES,NUMBER,,38.0,0.0
PUBLIC,TRANSIENT_RU,ADDRESS_ID,2,,YES,NUMBER,,38.0,0.0
SELF_STORAGE,TRANSIENT_RU,ADDRESS_ID,2,,YES,NUMBER,,38.0,0.0
PUBLIC,TRANSIENT_RU,SOURCE_ID,3,,YES,NUMBER,,38.0,0.0
SELF_STORAGE,TRANSIENT_RU,SOURCE_ID,3,,YES,NUMBER,,38.0,0.0
PUBLIC,TRANSIENT_RU,COMPANY_NAME,4,,YES,TEXT,16777216.0,,
SELF_STORAGE,TRANSIENT_RU,COMPANY_NAME,4,,YES,TEXT,16777216.0,,
PUBLIC,TRANSIENT_RU,COMPANY_CATEGORY_ID,5,,YES,FLOAT,,,
SELF_STORAGE,TRANSIENT_RU,COMPANY_CATEGORY_ID,5,,YES,FLOAT,,,
SELF_STORAGE,TRANSIENT_RU,LENGTH,6,,YES,FLOAT,,,
PUBLIC,TRANSIENT_RU,LENGTH,6,,YES,FLOAT,,,
SELF_STORAGE,TRANSIENT_RU,WIDTH,7,,YES,FLOAT,,,
PUBLIC,TRANSIENT_RU,WIDTH,7,,YES,FLOAT,,,
PUBLIC,TRANSIENT_RU,SQFT,8,,YES,NUMBER,,38.0,0.0
SELF_STORAGE,TRANSIENT_RU,SQFT,8,,YES,NUMBER,,38.0,0.0
PUBLIC,TRANSIENT_RU,FLOOR,9,,YES,FLOAT,,,
SELF_STORAGE,TRANSIENT_RU,FLOOR,9,,YES,FLOAT,,,
SELF_STORAGE,TRANSIENT_RU,STREET,10,,YES,TEXT,16777216.0,,
PUBLIC,TRANSIENT_RU,STREET,10,,YES,TEXT,16777216.0,,
SELF_STORAGE,TRANSIENT_RU,CITY,11,,YES,TEXT,16777216.0,,
PUBLIC,TRANSIENT_RU,CITY,11,,YES,TEXT,16777216.0,,
SELF_STORAGE,TRANSIENT_RU,STATE,12,,YES,TEXT,16777216.0,,
PUBLIC,TRANSIENT_RU,STATE,12,,YES,TEXT,16777216.0,,
SELF_STORAGE,TRANSIENT_RU,ZIP,13,,YES,TEXT,16777216.0,,
PUBLIC,TRANSIENT_RU,ZIP,13,,YES,TEXT,16777216.0,,
SELF_STORAGE,TRANSIENT_RU,COUNTRY,14,,YES,TEXT,16777216.0,,
PUBLIC,TRANSIENT_RU,COUNTRY,14,,YES,TEXT,16777216.0,,
PUBLIC,TRANSIENT_RU,LAT,15,,YES,FLOAT,,,
SELF_STORAGE,TRANSIENT_RU,LAT,15,,YES,FLOAT,,,
PUBLIC,TRANSIENT_RU,LNG,16,,YES,FLOAT,,,
SELF_STORAGE,TRANSIENT_RU,LNG,16,,YES,FLOAT,,,
SELF_STORAGE,TRANSIENT_RU,PRICING_DATE_ID,17,,YES,TEXT,16777216.0,,
PUBLIC,TRANSIENT_RU,PRICING_DATE_ID,17,,YES,TEXT,16777216.0,,
SELF_STORAGE,TRANSIENT_RU,WEB_AVG_PRICE,18,,YES,FLOAT,,,
PUBLIC,TRANSIENT_RU,WEB_AVG_PRICE,18,,YES,FLOAT,,,
PUBLIC,TRANSIENT_RU,INSTORE_AVG_PRICE,19,,YES,FLOAT,,,
SELF_STORAGE,TRANSIENT_RU,INSTORE_AVG_PRICE,19,,YES,FLOAT,,,
SELF_STORAGE,TRANSIENT_RU,PROMOTION,20,,YES,TEXT,16777216.0,,
PUBLIC,TRANSIENT_RU,PROMOTION,20,,YES,TEXT,16777216.0,,
SELF_STORAGE,TRANSIENT_RU,ONE_MONTH_50_OFF,21,,YES,FLOAT,,,
PUBLIC,TRANSIENT_RU,ONE_MONTH_50_OFF,21,,YES,FLOAT,,,
SELF_STORAGE,TRANSIENT_RU,ONE_MONTH_FREE,22,,YES,FLOAT,,,
PUBLIC,TRANSIENT_RU,ONE_MONTH_FREE,22,,YES,FLOAT,,,
PUBLIC,TRANSIENT_RU,CEILING_HEIGHT,23,,YES,FLOAT,,,
SELF_STORAGE,TRANSIENT_RU,CEILING_HEIGHT,23,,YES,FLOAT,,,
SELF_STORAGE,TRANSIENT_RU,DOOR_HEIGHT,24,,YES,FLOAT,,,
PUBLIC,TRANSIENT_RU,DOOR_HEIGHT,24,,YES,FLOAT,,,
PUBLIC,TRANSIENT_RU,DOOR_WIDTH,25,,YES,FLOAT,,,
SELF_STORAGE,TRANSIENT_RU,DOOR_WIDTH,25,,YES,FLOAT,,,
PUBLIC,TRANSIENT_RU,UPPER_FLOOR,26,,YES,NUMBER,,38.0,0.0
SELF_STORAGE,TRANSIENT_RU,UPPER_FLOOR,26,,YES,NUMBER,,38.0,0.0
PUBLIC,TRANSIENT_RU,CLIMATE_CONTROLLED,27,,YES,NUMBER,,38.0,0.0
SELF_STORAGE,TRANSIENT_RU,CLIMATE_CONTROLLED,27,,YES,NUMBER,,38.0,0.0
SELF_STORAGE,TRANSIENT_RU,NON_CLIMATE_CONTROLLED,28,,YES,NUMBER,,38.0,0.0
PUBLIC,TRANSIENT_RU,NON_CLIMATE_CONTROLLED,28,,YES,NUMBER,,38.0,0.0
PUBLIC,TRANSIENT_RU,HUMIDITY,29,,YES,NUMBER,,38.0,0.0
SELF_STORAGE,TRANSIENT_RU,HUMIDITY,29,,YES,NUMBER,,38.0,0.0
SELF_STORAGE,TRANSIENT_RU,ELEVATOR,30,,YES,NUMBER,,38.0,0.0
PUBLIC,TRANSIENT_RU,ELEVATOR,30,,YES,NUMBER,,38.0,0.0
SELF_STORAGE,TRANSIENT_RU,DRIVE_UP,31,,YES,NUMBER,,38.0,0.0
PUBLIC,TRANSIENT_RU,DRIVE_UP,31,,YES,NUMBER,,38.0,0.0
PUBLIC,TRANSIENT_RU,INTERIOR,32,,YES,NUMBER,,38.0,0.0
SELF_STORAGE,TRANSIENT_RU,INTERIOR,32,,YES,NUMBER,,38.0,0.0
PUBLIC,TRANSIENT_RU,EXTERIOR,33,,YES,NUMBER,,38.0,0.0
SELF_STORAGE,TRANSIENT_RU,EXTERIOR,33,,YES,NUMBER,,38.0,0.0
SELF_STORAGE,TRANSIENT_RU,UNCOVERED,34,,YES,NUMBER,,38.0,0.0
PUBLIC,TRANSIENT_RU,UNCOVERED,34,,YES,NUMBER,,38.0,0.0
SELF_STORAGE,TRANSIENT_RU,COVERED,35,,YES,NUMBER,,38.0,0.0
PUBLIC,TRANSIENT_RU,COVERED,35,,YES,NUMBER,,38.0,0.0
SELF_STORAGE,TRANSIENT_RU,BOAT,36,,YES,NUMBER,,38.0,0.0
PUBLIC,TRANSIENT_RU,BOAT,36,,YES,NUMBER,,38.0,0.0
SELF_STORAGE,TRANSIENT_RU,RV,37,,YES,NUMBER,,38.0,0.0
PUBLIC,TRANSIENT_RU,RV,37,,YES,NUMBER,,38.0,0.0
PUBLIC,TRANSIENT_RU,WINE,38,,YES,NUMBER,,38.0,0.0
SELF_STORAGE,TRANSIENT_RU,WINE,38,,YES,NUMBER,,38.0,0.0
PUBLIC,TRANSIENT_RU,ELECTRIC,39,,YES,NUMBER,,38.0,0.0
SELF_STORAGE,TRANSIENT_RU,ELECTRIC,39,,YES,NUMBER,,38.0,0.0
SELF_STORAGE,TRANSIENT_RU,ROLL_UP_DOOR,40,,YES,NUMBER,,38.0,0.0
PUBLIC,TRANSIENT_RU,ROLL_UP_DOOR,40,,YES,NUMBER,,38.0,0.0
SELF_STORAGE,TRANSIENT_RU,MULTI_DOOR,41,,YES,NUMBER,,38.0,0.0
PUBLIC,TRANSIENT_RU,MULTI_DOOR,41,,YES,NUMBER,,38.0,0.0
PUBLIC,TRANSIENT_RU,SWING_DOOR,42,,YES,NUMBER,,38.0,0.0
SELF_STORAGE,TRANSIENT_RU,SWING_DOOR,42,,YES,NUMBER,,38.0,0.0
PUBLIC,TRANSIENT_RU,WIDE_DOOR,43,,YES,NUMBER,,38.0,0.0
SELF_STORAGE,TRANSIENT_RU,WIDE_DOOR,43,,YES,NUMBER,,38.0,0.0
SELF_STORAGE,TRANSIENT_RU,LADDER,44,,YES,NUMBER,,38.0,0.0
PUBLIC,TRANSIENT_RU,LADDER,44,,YES,NUMBER,,38.0,0.0
SELF_STORAGE,TRANSIENT_RU,CHAIN_LINK_DOOR,45,,YES,NUMBER,,38.0,0.0
PUBLIC,TRANSIENT_RU,CHAIN_LINK_DOOR,45,,YES,NUMBER,,38.0,0.0
SELF_STORAGE,TRANSIENT_RU,MEZZANINE_UPPER_LEVEL,46,,YES,NUMBER,,38.0,0.0
PUBLIC,TRANSIENT_RU,MEZZANINE_UPPER_LEVEL,46,,YES,NUMBER,,38.0,0.0
SELF_STORAGE,TRANSIENT_RU,OFFICE,47,,YES,NUMBER,,38.0,0.0
PUBLIC,TRANSIENT_RU,OFFICE,47,,YES,NUMBER,,38.0,0.0
SELF_STORAGE,TRANSIENT_RU,24_Hour,48,,YES,NUMBER,,38.0,0.0
PUBLIC,TRANSIENT_RU,24_Hour,48,,YES,NUMBER,,38.0,0.0
SELF_STORAGE,TRANSIENT_RU,VIDEO_MONITORING,49,,YES,NUMBER,,38.0,0.0
PUBLIC,TRANSIENT_RU,VIDEO_MONITORING,49,,YES,NUMBER,,38.0,0.0
PUBLIC,TRANSIENT_RU,STAIRS,50,,YES,NUMBER,,38.0,0.0
SELF_STORAGE,TRANSIENT_RU,STAIRS,50,,YES,NUMBER,,38.0,0.0
PUBLIC,TRANSIENT_RU,SMALL_DOOR,51,,YES,NUMBER,,38.0,0.0
SELF_STORAGE,TRANSIENT_RU,SMALL_DOOR,51,,YES,NUMBER,,38.0,0.0
SELF_STORAGE,TRANSIENT_RU,ALARM,52,,YES,NUMBER,,38.0,0.0
PUBLIC,TRANSIENT_RU,ALARM,52,,YES,NUMBER,,38.0,0.0
SELF_STORAGE,TRANSIENT_RU,AUTO,53,,YES,NUMBER,,38.0,0.0
PUBLIC,TRANSIENT_RU,AUTO,53,,YES,NUMBER,,38.0,0.0
PUBLIC,TRANSIENT_RU,BASEMENT,54,,YES,NUMBER,,38.0,0.0
SELF_STORAGE,TRANSIENT_RU,BASEMENT,54,,YES,NUMBER,,38.0,0.0
SELF_STORAGE,TRANSIENT_RU,ELECTRONIC_GATE,55,,YES,NUMBER,,38.0,0.0
PUBLIC,TRANSIENT_RU,ELECTRONIC_GATE,55,,YES,NUMBER,,38.0,0.0
PUBLIC,TRANSIENT_RU,CONTAINER,56,,YES,NUMBER,,38.0,0.0
SELF_STORAGE,TRANSIENT_RU,CONTAINER,56,,YES,NUMBER,,38.0,0.0
PUBLIC,TRANSIENT_RU,LIGHTS,57,,YES,NUMBER,,38.0,0.0
SELF_STORAGE,TRANSIENT_RU,LIGHTS,57,,YES,NUMBER,,38.0,0.0
PUBLIC,TRANSIENT_RU,FENCED,58,,YES,NUMBER,,38.0,0.0
SELF_STORAGE,TRANSIENT_RU,FENCED,58,,YES,NUMBER,,38.0,0.0
PUBLIC,TRANSIENT_RU,PARKING,59,,YES,NUMBER,,38.0,0.0
SELF_STORAGE,TRANSIENT_RU,PARKING,59,,YES,NUMBER,,38.0,0.0
SELF_STORAGE,TRANSIENT_RU,ENCLOSED,60,,YES,NUMBER,,38.0,0.0
PUBLIC,TRANSIENT_RU,ENCLOSED,60,,YES,NUMBER,,38.0,0.0
PUBLIC,TRANSIENT_RU,GARAGE,61,,YES,NUMBER,,38.0,0.0
SELF_STORAGE,TRANSIENT_RU,GARAGE,61,,YES,NUMBER,,38.0,0.0
SELF_STORAGE,TRANSIENT_RU,LOCKER,62,,YES,NUMBER,,38.0,0.0
PUBLIC,TRANSIENT_RU,LOCKER,62,,YES,NUMBER,,38.0,0.0
PUBLIC,TRANSIENT_RU,DOWNSTAIRS,63,,YES,NUMBER,,38.0,0.0
SELF_STORAGE,TRANSIENT_RU,DOWNSTAIRS,63,,YES,NUMBER,,38.0,0.0
SELF_STORAGE,UPLOAD_STAGING_FACILITY,FACILITY_ID,1,,YES,NUMBER,,38.0,0.0
SELF_STORAGE,UPLOAD_STAGING_FACILITY,STATE,2,,YES,TEXT,16777216.0,,
SELF_STORAGE,UPLOAD_STAGING_FACILITY,END_DATE,3,,YES,DATE,,,
SELF_STORAGE,UPLOAD_STAGING_FACILITY,COMPANY_NAME,4,,YES,TEXT,16777216.0,,
SELF_STORAGE,UPLOAD_STAGING_FACILITY,STREET,5,,YES,TEXT,16777216.0,,
SELF_STORAGE,UPLOAD_STAGING_FACILITY,CITY,6,,YES,TEXT,16777216.0,,
SELF_STORAGE,UPLOAD_STAGING_PRICING,FACILITY_ID,1,,YES,NUMBER,,38.0,0.0
SELF_STORAGE,UPLOAD_STAGING_PRICING,COMPANY_NAME,2,,YES,TEXT,16777216.0,,
SELF_STORAGE,UPLOAD_STAGING_PRICING,UNITUID,3,,YES,FLOAT,,,
SELF_STORAGE,UPLOAD_STAGING_PRICING,PRICING_DATE,4,,YES,DATE,,,
SELF_STORAGE,UPLOAD_STAGING_PRICING,WEB_AVG_PRICE,5,,YES,FLOAT,,,
SELF_STORAGE,UPLOAD_STAGING_PRICING,INSTORE_AVG_PRICE,6,,YES,FLOAT,,,
SELF_STORAGE,UPLOAD_STAGING_TABLE,FACILITY_ID,1,,YES,NUMBER,,38.0,0.0
SELF_STORAGE,UPLOAD_STAGING_TABLE,UNITUID,2,,YES,FLOAT,,,
SELF_STORAGE,UPLOAD_STAGING_TABLE,PRICING_DATE,3,,YES,DATE,,,
SELF_STORAGE,UPLOAD_STAGING_TABLE,WEB_AVG_PRICE,4,,YES,FLOAT,,,
SELF_STORAGE,UPLOAD_STAGING_TABLE,INSTORE_AVG_PRICE,5,,YES,FLOAT,,,
SELF_STORAGE,UPLOAD_STAGING_UNIT,FACILITY_ID,1,,YES,NUMBER,,38.0,0.0
SELF_STORAGE,UPLOAD_STAGING_UNIT,UNITUID,2,,YES,FLOAT,,,
SELF_STORAGE,UPLOAD_STAGING_UNIT,LENGTH,3,,YES,FLOAT,,,
SELF_STORAGE,UPLOAD_STAGING_UNIT,WIDTH,4,,YES,FLOAT,,,
SELF_STORAGE,UPLOAD_STAGING_UNIT,CLIMATE_CONTROLLED,5,,YES,NUMBER,,38.0,0.0
SELF_STORAGE,UPLOAD_STAGING_UNIT,RV,6,,YES,NUMBER,,38.0,0.0
SELF_STORAGE,UPLOAD_STAGING_UNIT,DRIVE_UP,7,,YES,NUMBER,,38.0,0.0
SELF_STORAGE,UPLOAD_STAGING_UNIT,INTERIOR,8,,NO,NUMBER,,38.0,0.0
SELF_STORAGE,UPLOAD_STAGING_UNIT,ELEVATOR,9,,YES,NUMBER,,38.0,0.0
SELF_STORAGE,UPLOAD_STAGING_UNIT,UPPER_FLOOR,10,,NO,NUMBER,,38.0,0.0
SELF_STORAGE,UPLOAD_STAGING_UNIT,STAIRS,11,,YES,NUMBER,,38.0,0.0
INFORMATION_SCHEMA,USAGE_PRIVILEGES,GRANTOR,1,,NO,TEXT,16777216.0,,
INFORMATION_SCHEMA,USAGE_PRIVILEGES,GRANTEE,2,,NO,TEXT,16777216.0,,
INFORMATION_SCHEMA,USAGE_PRIVILEGES,OBJECT_CATALOG,3,,NO,TEXT,16777216.0,,
INFORMATION_SCHEMA,USAGE_PRIVILEGES,OBJECT_SCHEMA,4,,NO,TEXT,16777216.0,,
INFORMATION_SCHEMA,USAGE_PRIVILEGES,OBJECT_NAME,5,,NO,TEXT,16777216.0,,
INFORMATION_SCHEMA,USAGE_PRIVILEGES,OBJECT_TYPE,6,,NO,TEXT,16777216.0,,
INFORMATION_SCHEMA,USAGE_PRIVILEGES,PRIVILEGE_TYPE,7,,NO,TEXT,16777216.0,,
INFORMATION_SCHEMA,USAGE_PRIVILEGES,IS_GRANTABLE,8,,YES,TEXT,3.0,,
INFORMATION_SCHEMA,USAGE_PRIVILEGES,CREATED,9,,YES,TIMESTAMP_LTZ,,,
INFORMATION_SCHEMA,VIEWS,TABLE_CATALOG,1,,NO,TEXT,16777216.0,,
INFORMATION_SCHEMA,VIEWS,TABLE_SCHEMA,2,,NO,TEXT,16777216.0,,
INFORMATION_SCHEMA,VIEWS,TABLE_NAME,3,,NO,TEXT,16777216.0,,
INFORMATION_SCHEMA,VIEWS,TABLE_OWNER,4,,NO,TEXT,16777216.0,,
INFORMATION_SCHEMA,VIEWS,VIEW_DEFINITION,5,,NO,TEXT,16777216.0,,
INFORMATION_SCHEMA,VIEWS,CHECK_OPTION,6,,YES,TEXT,16777216.0,,
INFORMATION_SCHEMA,VIEWS,IS_UPDATABLE,7,,YES,TEXT,3.0,,
INFORMATION_SCHEMA,VIEWS,INSERTABLE_INTO,8,,YES,TEXT,3.0,,
INFORMATION_SCHEMA,VIEWS,IS_SECURE,9,,YES,TEXT,3.0,,
INFORMATION_SCHEMA,VIEWS,CREATED,10,,YES,TIMESTAMP_LTZ,,,
INFORMATION_SCHEMA,VIEWS,LAST_ALTERED,11,,YES,TIMESTAMP_LTZ,,,
INFORMATION_SCHEMA,VIEWS,LAST_DDL,12,,YES,TIMESTAMP_LTZ,,,
INFORMATION_SCHEMA,VIEWS,LAST_DDL_BY,13,,YES,TEXT,16777216.0,,
INFORMATION_SCHEMA,VIEWS,COMMENT,14,,YES,TEXT,16777216.0,,
SELF_STORAGE,WEBSCRAPING,DATERETRIEVED,1,,YES,DATE,,,
SELF_STORAGE,WEBSCRAPING,OPERATOR,2,,YES,TEXT,16777216.0,,
SELF_STORAGE,WEBSCRAPING,URL,3,,YES,TEXT,16777216.0,,
SELF_STORAGE,WEBSCRAPING,UNIQUEID,4,,YES,NUMBER,,38.0,0.0
SELF_STORAGE,WEBSCRAPING,ADDRESS,5,,YES,TEXT,16777216.0,,
SELF_STORAGE,WEBSCRAPING,CITY,6,,YES,TEXT,16777216.0,,
SELF_STORAGE,WEBSCRAPING,STATE,7,,YES,TEXT,16777216.0,,
SELF_STORAGE,WEBSCRAPING,ZIP,8,,YES,NUMBER,,38.0,0.0
SELF_STORAGE,WEBSCRAPING,LATITUDE,9,,YES,NUMBER,,38.0,8.0
SELF_STORAGE,WEBSCRAPING,LONGITUDE,10,,YES,NUMBER,,38.0,8.0
